Query,Video_IDs
funny,"['P_1-Cpo1P0A', 'FRdgTgKxnx4', '7dUY12c4Xwo', 'aEBxl6x5Ym8', '6TYFH8UXGm4', 'n_6YPvWcFLA', 'bZdpihF44R0', 'e_9NhHz2V3w', '7bnKr6XfcWc', 'qgn2tyj3KFQ', 'dHu8n-F6PR4', 'vzMyJ_lmMfg', 'AYE4XSgK4SQ', '923kQBy2SFM', 'QL6zTVKOe2E', 'A_Q2qpbHrqo', '7BGQO1VSgSA', 'DNFtcxAYgUU', 'TXm2WTVYFTo', '4W9IlN_X2is', 'CNv74RWXx9A', 'SPRL61TCAP8', 'FbXEbAtsufE', 'qXxC0R9CQkI', '4GEL3w_eeuA', 'PaAeMupVTzY', 'BTDzeT4yJNU', 'YAEBsmie_SA', 'I48TMLPXIbQ', '6UPxRUeWCos', 'i2oNOdUdGjw', 'i14hd1vFywE', 'tEdVIAk9_3w', 'sOZrJUkCLYU', '2eexrs8HClA', 'rswOzxtkFWI', '5j2mou3lV-4', 'GbcVJEuOjqc', 'kMbdT-v6yYE', '16sKnFEPfzY', '5HfIJfytpjQ', 'mON3crpNoqc', 'MXZZatCyQ1A', 'ZDHPbOvcEHk', 'A-I6da1of4Y', '-FaLTylftC0', 'Z9s0bKm5AM4', 'bhghAm_biGU', 'EUWkw8WmCys', 'SnEuUSfrULg', 'EUWkw8WmCys', 'oju-3lEhIyY', 'ZDHPbOvcEHk', 'VuP2TBG3cKc', '9m-aFWPZmdw', '_zgbhnUgEO8', 'tPlalpAs8Xo', 'Z9s0bKm5AM4', '_mlJ0HyhDpc', 'WXA8Sgj693Y', 'wTbYtmrTC14', 'JcDR8pyuVB0', 'bhghAm_biGU', '6BMMca0a2wk', 'IQt7MXKBNug', '6H5AImEWu0s', 'iRDt_Bbubqo', 'iKjPOeiyhnY', '1bo00mKfkbI', 'NMTzDAiPM_M', 'UaBRYa0RdhA', 'dhgKOYbxM5k', '76N_jXnpvBQ', '0OcIoLaoFBE', 'kMAoBGDzAG8', '1i_jebji4uo', 'iI4KSejuUcQ', 'Ek1IxdOo5Dk', 'OejVgL8llZ8', 'pXJCgD5rtk4', 'l7rvbp_t97s', 'A3n61q_zSwE', '8SoRVbEh7DM', 'vMtRYUJUo78', 'QYdFwQkmGS4', '-s3KmSwzsps', 'vzafwSN_l7I', 'b8HhJxtUPkk', '1CKQRLTamnI', 'N4z5YRdjJQ4', 'rZaV19MEfbM', 'BsCP-2WiSpI', 'Wn1dnpoTWRI', 'Ff7c0zlQFhY', 'N_gcxXeGumE', 'B5R0JUY6E14', 'BqBypcdJEE4', 'vZwOAfu5_90', '2oAeEoKRKGQ', 'wRaHibSLLMI']"
car,"['5PH0jXruu5E', 'HVhF_ty_ZT0', '6tZn6Jgha3w', 'mBzbMo20pyE', 'ogle3tHCRQQ', '5ljihUEXcdM', 'jrboF4aeMxM', 'sughKozg2Jg', '04iG3iumbIo', '9G9s4NA4Vxg', 'k2DDNBcpH6E', 'rs8S5xo67rw', 'sttoKK98Fh4', 'N4o-vp1QnMk', '3X4K6rv7nCc', 'vVl0lhCXQa0', 'SaHlrSqiwR4', 'YmieW33YbHI', 'SMU-q7za37w', 'M_M9k8NPJ3k', 'A5PVZUqdzeE', '9bVVPoPGBvk', 'Oq_sPPhE830', 'opLzc7xnCqE', 'VB3Bdf6cffE', 'w13Ss4uezFg', 'Jo5cjf4Ge7k', 'YaODDv9ThxU', 'JXvcl9vkr4w', 'hdcB07HMFso', '0dK1VuiqR0M', 'HmXYlaP52P8', '84ScAuFlO1Y', 'EkFRQTxqhN0', 'E1n80uexmPY', 'SMgzDC4_Bpw', 'BH08wSM3M2A', 'Ha0Ye2knyZk', 'LhHQyGYLmUI', '9hJGOKBhNJ8', '6GXprf-in6Y', 'yhzAYKdoKDQ', 'Lh3KcpMiyy0', '9kB4I8pgssk', 'OaLFMaJygbY', 'Xh7kJJfweG4', '4GeNYiEQBSg', 'u7V8z74roSQ', '3H4HZNdzOmc', 'zpvCyMpL7gE', 'qknZRTnpJaY', '3RIHYJCpzZ0', 'kzUYnUuDbzI', 'fGqVBj5tgC0', 'xXAZD7oRNNg', 'JXvcl9vkr4w', '68vajjuz150', 'MKWDXbHooW4', 'EaUZUqoEAqw', 'uf3_qN_gJJY', 'i-chvgnHZF0', 'Jss1-7fZiQg', 'rJ9v8mmMew8', 'SW6b16rE4Is', 'O5Q3Ar6xqEI', 'XBYaxO0lAHU', '0dK1VuiqR0M', '907joP0LhaM', 'GI-5FvqOZ-s', '-NW7fB6A3t8', 'PCSOAJ4M22A', 'lNymXF8Wc3M', 'UOBKfndf6m0', 'qIHGHYCCrxI', 'sIysiPrtzXQ', 'J6ovdSbSrkA', 'V7aDPH5-4qo', 'imyjPpXORiw', 'Vz7gPnbMfnw', 'h2jHyYrbHcQ', 'SMgzDC4_Bpw', 'BH08wSM3M2A', '0EllTeIzXDo', 't527q3hQ3E4', 'LhHQyGYLmUI', 'lz6bgsNFLok', 'ZJprXuvYkhs', 'zyCRjow2sUI', 'UggpmUSjAd8', 'Zto_8A431G8', 'TKFXhGdpp1U', 'QDEn4vSi6ng', 'Gj_VEeK3nNI', '2ZdObut6dc0', 'RLbAfLAjsZc', '7UYMgwYt5iE', 'KRU8L7XHSb8', '9IQRJwj8Hxg', 'YmCsvY-UITI', '3ckGVvHUgdU']"
Quick Recipe,"['9-8LUW5tqBg', 'WobUAaSEiB0', 'hRZHgR8cU3k', 'd2jlcFvI04A', '2QTfnkkJzkk', '3JGOK5q5IMA', 'nFaCVKiwYrA', 'whsPtX2O6cQ', '1E9BVFBGPDo', 'XvSQvWD8MAw', '-TRl0qLVU6A', 'WgiWxLR4Ndw', 'qofuW8BKSRw', '_ljQXslix40', 'TxRIPGpjC6U', 'FRfLNJZEcQs', 'WHJyOP4y-Ts', '274bGp_zZUM', 'OHGIHu0LAWY', 'PTHqZV1u71Y', '17ylKtKv9Xo', 'bJGLxezJr5A', 'rQxZ95xanY4', 'VyGywCPnGJE', 'JCpjqqGCRbo', 'fWp5z_YM07Q', 'oo5o75VBg4A', 'eCDQV-kDLNc', 'yW_Y_Ey58NE', '2of75rESuZU', 'e38XUb-CB7Q', 'E-bIc7LpbT8', '5CQQ3FFwJmg', 'F8sgpSZGyBE', 'Ek7VHi-CbxE', 'KAOAIujUfZM', 'OSZIwUNTBMM', 'VyEOycMKsbY', 'UXuHUE74-e0', 'QGUioY--L3g', 'Vnqo_gJZhPs', 'w9CE2hs5QoU', '_ldDqHI-fhw', 'D_PZdH0ixTw', 'wVRe7LrOAzY', 'UW_SmO70UPU', '7g_MZApDprk', '0VPAx4RSGyQ', 'vtkgNOhkvLw', 'E0nbz3nFUcc']"
Fitness Tips,"['_YjNSC7Lq00', '5rdn9C9cnlE', 'Kj00H4-5b2E', 'JV1ZY4ALHqo', 'lZgUQRloWdQ', 'beu0r4QWfik', '4VmTTa0ehPM', '4OHEuKZR2pk', 'yKjWZzIHnpg', 'w3nhaRBcGdM', '7im-ahn1Mvo', 'u6T8iew4vl4', 'pB1r0VMKW1U', 'ALVUctCQ8yM', '5rVxtnvDXB4', 'sVvGBcsvvVQ', 'Y-zsBXy1Uek', 'vsJnKnaFT9w', 'ypR5COVriQs', 'R1VPjpNvSoU', '-Jb2v4B40bo', 'jXh1Ibw59J4', '502B7hFhg7w', 'gBJE_iUqXRQ', 'AkrKwM3srSg', 'zlYA1SENYG4', 'PFFqoYt9wKo', 'XLsLNqkBmoc', 'gL_yFn_TpfQ', '6JF6U_GTdn0', 'vFKFOMJ3slE', 'gmZ-W76CCeE', 'YGIVGt_Vd1c', '87DFdq2Qkn0', 'FjVfUVcW2z4', 'vfKwjT5-86k', 'Xk5MWS1aFaA', 'f9aFLgUlRl8', 'YYgoKoB3yjE', 'v0_4HdhnIho', 'p4-SgbVERpw', '58p-pXJhK1M', '6OK-3tDICmY', 'DreKFFYq4G0', 'PDuY3ZG2PaI', 'ggfo1EJWDvk', 'TEf0rOU3pEo', 'Oyge1fdDamk', '_IQxqZRJAVA', '4AqHj7HTChY']"
DIY Crafts,"['sBYiuaBCSkA', '9GDsH1EdQqw', 'dvHMHCRGudM', 'oOzxMQOoCIY', '3aFUTPWo2zQ', 'Ulfek8ukXPo', 'r8xKAtiXJtQ', 'HjYQd_CV5XA', 'Bm_he9H0qu4', 'UU6IVYuKs1E', 'vGHdoqswWDY', 'PfbDNJAfrow', 'Ipn9iOtwHJs', 'QuscaIrL-uk', '1ywJ0GUaxCs', '9q4mJAS76hk', 'I8lO1tGuhCM', 'T5O-_8jnm7g', 'UrgmhDDlJeE', 'USnBJs1QoxU', 'BMJvkbgOn-w', 'k-pv7xl1Pcs', 't_r7ls7ZSiY', '9gkzpmccD-4', 'VExebcFJj9c', 'SlyJYon_5rU', '3wbqdVcfSh4', 'qao9DAVLsaw', 'xyiWzcBW5OE', 'W1Ul1LKv2Lo', 'BVQMllmwhJw', 'xp8ffc5zTFw', 'FltMlqYmZJw', 'R2ZGMo7ZI-I', 'RWC7apldwEQ', 'c-2_wbXhz8o', 'VZtiDax5R68', 'FZf2A272GgI', 'bHp3yfftYbU', 'hM6gMvVuB18', 'FJB29TvQg9g', 'EaYtAYjICn0', 'ftH6HRWqdkQ', 'Yd4pFia5Arg', 'IAaR8MxeGFw', 'SteoN1gGdsg', 'aYGm5fUknt8', 'oRy3M4cZ28Q', '5ANBDjMu_9k', 'yWpcSwqR7xo']"
Travel Guide,"['EIRSomyJHyo', 'i91Sg2YbYY8', 'g8YVCUB5klI', 'e9O4yKtc0ns', '7vqfjBZ9864', 'cGAO9yNmAME', 'ezAH-gQAPvc', 'wlKic6yTUUs', 'XXmCVij78s4', 'YE7SXzwvkn4', '1VUB8Sm0kso', 'XzyFiah2GoE', 'YUTs3IEM9HU', '97r67cnVpms', 'FE9tSxBfJy0', '7U26s_hQaqk', 'fU8SdTJo_OU', 'tWKXAfIiL4s', 'rnyYdtj7Fbw', 'Mro_jiLg5Uk', 'HwXc8Y4ihsA', 'tRQ7ZXRBRnY', 'cuz7KwCp_xk', 'd1lRXXTy66U', 'OuMkn2dc8dY', '3tbtq7JChuY', '5XzoeHVwu4Q', 'iOB6gXgtdwo', 'QOtN3i6pNl4', 'Jp0TOPLIU34', 'ylAHlrArKwM', 'XMcoaYFC7p4', 'thzAFPh6N1E', 'EgDeWYmfrmM', 'qzktVKrXH70', 'GhdaXYTV_Rs', 'KuJwC9gTYhw', 'Cgor6rciHoA', 'otIV0kjpmE8', 'qApolA5IUB0', 'Jmg-NIHHDCA', '7Uk68iYVzrk', 'kXsuRH30Hyo', 'Q_4kJlTcIgc', 'WFFkgBLpKRE', 't_9_1rFmkTs', 'HyL1rO8BTU8', 'zYrEArOq4ow', 'l5xwbiMxGMY', 'gZKtu22SiPo']"
Fashion Haul,"['PC7OGIiI5u4', 'lMDrA8v8m3s', '5NO3_uOeb1I', 'L1zBjSiRu_Q', 'LbNGOv6QZ_o', 'syigmxBB8o0', 'J1AKjCcs6Vg', 'ZiaLO1RF7HQ', '-sMPsIRY6_M', '1ODbieSeRLw', '97CwyR305cM', 'stWpFD1T8WU', 'v_nIbh7Kdv0', '0u5aqF-X1Ug', '3DeSNiD_iLc', 'y9BFpUgGT3c', 'cSg67K-62DY', '4tizyROAMyA', 'UoKeXzPG4zc', 'LA4RHg3-Nn8', 'cB0AxG2EGh8', 'RARHLAiXabU', 'e8vK5gqdq7w', 'VDzn4IQoVGs', 'JUKpxmLPV68', 'b0shEq35w3o', 'jkfdFT__QEA', 'FjMTPtEqABA', 'Ma-FzR5dJUA', 'EycfBEU7qdg', 'jPmcjAfCuto', '4ap-lwZkCO4', 'Hj6kDV-jXWk', '4euJ5wmtQYg', 'T_Ael73plb0', 'r_lQ9olKUwo', 'b1KgdGrT130', 'oUbBZsBdgk0', 'd1KEGNNp14A', 'EhmTvKETU5A', 'LkwOwAmvTUc', 'kOACFXCIhDQ', 'UIg6ccWcNlk', 'CRTTg1hPSTY', 'CG9reyg_64Q', 'ESFnnOWDABc', 'SkVGuFsrYO4', 'wlGKUpZdTB8', 'SDMgugBbDl8', 'A0RHJNzeIfY']"
Tech Review,"['8Xx51OpH2VE', '0xB3T4MPEr0', 'XXyPe2n-rnI', 'as_-aEi1fzU', 'qVVkMi3E5Aw', 'kFc6IGlKotc', '49n95ppMpBw', 'VbVtNxZPGWc', 'h3b5FvJnsGs', 'ekktZDdfOiY', 'shfSNNWqz04', 'wJK8vR-b4bE', 'GuWMpSAXDwk', 'y5c-mx6Qe5M', '5KTItIwHSpc', 'pPAfBjsIdiI', 'Nh0Bn33E6OA', 'dhhZlxUdCeg', 'E53NDYPkbQM', '3rCP1DrwWF0', '59KOzgj9srQ', '6IJZrHkAB1A', 'gCUJ7LeIFq8', 'pB_W7mlOLmI', 'Xhj2AmtRDfI', 'omJBtEAGQpc', 'nL_7uzBwROA', 'fgrJFmJbCpE', 'cv8B_Zhd1hk', 'Z9C6YRazkJo', 'aPUxbUDnQ9E', '3Fotbg8ccFY', 'G4_4Dgyskyw', 'Oq9WGK5xxUA', 'ftjCkj0P0FU', '3qlK4u417Tw', 'cQL6BlC0b-Q', 'B9Cu-ZmJ4kM', '-O1vM2ikrGE', '5wtlAXRpdps', 'SKnNouOBxLE', 'GQn5xAdnpno', 'dE44myQX0CM', 'QNv5RV0HWZk', 'jHYyXCmtOqw', '-yebc9hQF6c', 'ha37TBvhfx8', '1KPuGP57VzI', '3ZYkAVDIpBE', 'cwhgcp0ZCwQ']"
Comedy Skit,"['tx_DYeEC0-g', 'WjJcbHDY-bA', 'aEBxl6x5Ym8', 'mON3crpNoqc', 'qQ4kgJWkzDc', 'iKjPOeiyhnY', 'n_6YPvWcFLA', 'FRdgTgKxnx4', 'dhgKOYbxM5k', 'qXxC0R9CQkI', '3ps6wK2lTMc', '7dUY12c4Xwo', '4W9IlN_X2is', '_zgbhnUgEO8', 'YovYo5R1Bm4', 'e_9NhHz2V3w', 'QaH5nmy4nm4', 'wSSoT-VAT1s', 'BvXyRekbV1s', 'XJDW-LNEWL4', 'MfLNI80ICaI', 'b8HhJxtUPkk', 'qgn2tyj3KFQ', 'GbcVJEuOjqc', 'XQJcvMG0faw', 'jG0eJw3NJ_Q', 'HN3aMBS8PaA', 'SPRL61TCAP8', '_mlJ0HyhDpc', '2bcZbyp_p4A', 'GATAxhhhwsE', 'UaBRYa0RdhA', 'WXA8Sgj693Y', 'pZuQxYJu__8', '3gQDqIBS_LY', 's2eKmQDNCPs', 'UahyOIWKFgc', 'kwHNtvYjg18', 'BCz2tp8AI0c', 'i2oNOdUdGjw', '9uNq3fqSBtc', '24z4G-l1e4U', 'sKoswyakGV4', 'oaEtJsP5mRU', 'bhghAm_biGU', 'PaAeMupVTzY', 'syJdEnw6wj0', 'pIMfG7NUGD8', 'NU4kcJztSCI', 'oylJKS3OCfo']"
Dance Challenge,"['XeuFzS6ZWHY', 'VnI-isAION8', 'NnJPJsi-BKQ', 'H12SwqwR2NE', '087JwRrHPIw', 'acCyvJChM2Y', 'jFpOqacGQaA', 'i-V4XRx-gIk', 'c0fV3KpwUW8', 'KGTVC3Nffc0', 'YJsCdsj5aT0', 'LGMuRDWTris', 'UVa9jafkHkc', 'JQxQqdn9dEM', 'GOcFLUCzbbM', 'zrwCw5wJE3o', 'aEkJWv8C4Z0', 'vanOneiQXhI', 'wr_Ilb_1feg', '9lnVJeQvVrA', 'zExZX0QaOJo', 'SwIkNSYlHtI', 'pgB6C4oY-fU', 'Qq4V0_r0kmA', 'HLsvu67oaRA', 'cv8B_Zhd1hk', 'BSo2kg0BBqc', 'BkpV_tKh3mM', '6BhCTJXMdy8', 'rvrHzfhStIw', 'FiTSuRPmb_4', 'c8HvpQSKoqE', 'uhFGlDWah10', 'hhHzkqU8QDA', '8iJG9jo9ISw', 'hu65vgUZzEo', 'XdydX_0wdas', 'F_VH2jd-D3w', '-gchqk31rvM', 'GN7dbxuKd3k', 'FRCcfGJpmXA', 'Ghb6LNWnbF0', 'NXTORDziq4w', 'n-3jzVgFJac', 'y_t8ceniR5Q', 'o_wIOpoYTME', 'C9xZuyYoKSo', 's_s2ynua62g', 'y5dbtP2AtqQ', 'EYhEdDoxkgU']"
Pet Tricks,"['qinl0iT4o1Y', '3OWOgDvPknI', 'clOP3r9RK0E', 'HReAQp0WEJU', 'IMQv-cF8h60', 'QX6E65Lo7a8', 'v8C2wvQAmgY', 'y-LMmtR-aQw', 'd5NAYHzjQTE', '6t02Dbp3xsU', 'BdMw00m4st0', 'z8xwaGP3Ubo', 'ph6y2tMNxXs', 'Bxdn1x2a8dI', 'cZ4uIkWx7Ks', 'WdY56ruQfXg', 'XwSoTkchfNQ', '2v5uYGv_PI8', 'Eh0YCCb2zps', 'zKNK-rxUzwc', 'LM0pQxcmUWw', 'MvRyOwrbzGA', 'ci6Hx4VRuCM', 'dyBeSS04GC4', 'E_9AnWqkVOc', 'EM41yq0OUQ4', '58snXV4hy9g', 'yMb4AbuVtC0', '0jYC400ZJ7Y', 'WuqzGpU2AoA', '6M0Znclkoh0', 'epWEYCc9K9c', '1SUjCaFANw8', 'Qk0gZ4M12Gc', 'orA1ajoSOfc', 'K3jUTqUDwiw', 'TpPLSF_NIG4', 'MBjtkXvrfVw', 'LeXRfrTfaYs', 'TMg0hDCm31k', 'rV76gkaFF_E', 'JecWrIcDpZo', 'gT-TicppsGQ', 'lr3ajQLUmzw', '40nmv_t7yqQ', 'S7WGCDgKc_o', 'FQHguAvN0Ts', 'Zo5llMfUVjU', '8KqfeYiz98U', 'Z1UfgcsGnVg']"
Makeup Tutorial,"['3punW8R-OBQ', 'uIjfVtVkhTg', 'lM-ggcWKmac', 'bNM4B3R5joI', 'yTLfvM4qkS8', 'i5Z98X7dark', '3Ccr_jWEEjw', '7qZZbgG98Gk', '0cWtSuIbah4', 'okSjP8i0I2c', 'rrBV24Ook84', 'H9yg-c4i_Fg', 'YlH4Co-Rmyk', 'k5uaBdgYPi4', 'uKuZI2CMVRA', 'DGqB9nUh_9s', 'RqQI_BiPCqs', 'DuuxIkljv_M', '5LvI-MUbg6E', 'D3-0zwnjbeQ', 'q77Ch7iGwNY', 'iM1M6QCovKw', 'WaRml5qDo7E', '8mBTgBFqzls', 'RE267fg5oro', 'S80vHno7sZI', 'shnaNKqraO0', 'JM3c8lrjfSU', '6d4qJHy0ofs', 'GAsfDYy_HlY', '5baVrUgQz9M', 'FDwv6munoiw', '6bHXtT3CXOg', 'Bz9dYi0ARSg', '0CZdg7dncfs', 'ZuvgNdVQFGc', '3J-nOrSHras', 'DupxT5Wqii4', 'v1RHsUqC2dE', 'im833Jk4i20', 'WRzW-WvTUSg', 'A1oaJp0-F8M', 'Gmm22xi6Pvs', 'kxhpdb5d01Q', 'XOi-HDGRr9A', 'XjnLPlS1cKs', 'bmBwtbYEM_c', '8G08enYg_d4', 'BUHFxZIx21E', 'MiqbsZ1ONG8']"
Unboxing Video,"['2vfhgQLSA44', 'kBouBjbHsUQ', 'hIuY3Q8F58Q', 'MaQrPiWsy2I', 'QNwd5YKFkcE', 'FysENwBQ8_8', 'JOk88_efsOM', '7i13CREluHI', 'f9lz8wLycVk', 'kDAFESFGRw8', '8--2Ve9uDm4', '5Vw-fBcBXZo', 'ZSsrYRT99Yg', 'HYVxFy3bfGI', 'yf7Q0Sn7xa0', 'WG-JU4lgQjw', 'wxmDihwkUEQ', 'ELYVxexy71E', 'nD7ooof63wo', 'cyH4655N4MM', '-tvo9LspD3c', 'ZCBRu2ayofc', 'xaV2N9JDyng', '2GnlJbBK2sQ', 'Pel70b0uj3E', 'fcR2yA_Ijp8', 'VjavAMyY-Xk', 'Ofw2q1eSUlI', 'cvKykxIRCkI', 'Ppsb9h7RmIs', 'KR2pgCD3B7w', 'Ds8I4N7f-5k', 'rGhcxIOXPnI', '5GOsnjVV8nU', 'Bx-TU6vaeVY', 'Mxzg8spRKJ8', 'oc3CILdFbVw', 'UNTG93cFwnM', 'jZutzjZvJPs', '-uabWJjseOQ', 'IYRSC0CGqH4', '7AxB9WMU3yk', 'WkzYCaaek84', 'w-_403dg3Ew', '7xfo0lk6fOo', 'T-NdNbje31E', 'SSrkNfeWdOA', 'DUPPSMHxncU', '2vxMnyj69es', 'ouazZGRRjeI']"
Music Cover,"['iFeLmWB2FiI', 'TQ96cmkQ8SQ', 'ztvxqgI8Ui4', 'WeqrR4Mb8wk', 'I9Vee2lspxE', 'koDcfUcZLbg', 'kWbuAY248I0', 'aoYasVYJuK8', 'mPqeo7U2WIc', '_zmlkxE7sCo', '89B4bGedh1s', '4N7Ia06n5cc', 'J-yuYwvx5Gk', 'fW7B0ScAoQ8', 'd5ArUXwD9lE', 'wB1VR8bvSwI', '_y7xPNA4FR4', 'XMWlYiEZcNo', 'SNlKH-sW1H4', 'jdI3GGRU7aQ', '5UjteNJT91A', 'ogCpuVzl2BY', 'INuy6l7Lbxg', 'ZSjR4Vrdhmg', 'YEABpmCKYhw', '8A5t8gxlynY', 'GwG27xZ3ze0', 'f_m70UT3YcY', 'FBTkfx3FpWk', 'WogWbdX7J2o', 'mq8_3J2dmqo', 'WcJSdzthS0k', 'f1BWxdG0nYM', 'cUJac0bWXaY', '7PYufTxzllU', '5DTDiMXKZbU', 'wAFfVjdzKts', 'Y_2TUknqgRQ', 'VhK0j6SMgWY', 'MiQoz_YYNg8', 'ZBNIkaoG7q0', 'jbEjvIxyZPM', 'xuQqmjaAsoQ', 'JG-ijCnckmY', 'ZEYsh9aXHq8', 'cNAKKNMnn-4', 'O8IwHDmioDE', 'sqELWFXznEU', '__xJDpZL594', '_0eqsCUuXLg']"
Science Experiment,"['HZbThnZ5-Vs', '0C1WOkWpbnM', '61V1iTovNBs', 'W5NjQrTP8Ng', 'KBe3h_LgzvU', 'LoQ36Rr8GNU', 'qdA_fv9UjWg', 'Mif10FKkK2U', 'Fd1ylZMe2TA', 'GeLGD8bV23s', 'naotBZ1nckk', 'aOs6MNWIVKs', 'TaHAxcHc2Ok', '7UK33U1rARk', 'tGqPl-wfueE', '9MqvbbvR4x0', 'nXUr0YxHZx8', 'Fn4e-Zltf10', 'NmLnNVTNNqc', 'nScFSAmfIe8', 'q4oW13jx_a0', '3dfXDiDi7UA', 'vl0a02qn9Vk', 'Kow4IWvJK6M', '290Vg8YpEfg', '2XKnUz0E48U', '-2oUtrUWbE4', 'CpawqsXTq1U', 'SDPQO1JmzEQ', 'ioD_CC6IFBU', 'vmeFmChq6so', 'aP0MN4aDqOw', '06DgmPgwQK0', 'aVodxzXY5gY', 'oE5tRbCECbY', 'ZuJjgmZzFbw', '-eCjLuVEWsw', 'TIx3jJw7KdA', 'CVHo7y9oh9g', 'VvlSlyjgU88', 'n4ncVoycrE0', 'OQWQ43olgng', 'B7GHGw_d5lY', 'b9YOMWuuIXI', 'hSiViKsCCys', 'v6Mzo6x25Hc', 'C7cgEAucIMk', 'nKV4kD73KuM', 'zh1ob3_1_gk', 'jiGY4OwfLaY']"
Language Lessons,"['ZCXruXt_-Qc', 's4KXLL-Tacw', 'jbr4Kj6z7pY', 'RBNjB0gwtbg', 'N5r4R0SJO8Y', 'O8hk4VUm4hQ', 'hFjEEXgDwhw', 'zEqftydtRac', '6jCBhMrmMzA', 'm8fDhRPNrhQ', 'SiH48H3nPgk', 'DzhRGwRpR1M', 'zwRlYGyrJw8', 'tS9536Tm53g', 'GtJhb-u5YR8', 'Lfo9k6e0NxI', 'xWnv27kMzsg', 'BowlrqWEEgQ', 'crbjLH6oLs4', 'iq3pfhaixQw', 'V1tS_7_bWxM', 'ZbTnOJ5t3ac', 'CqebGA5Twm0', 'hsjN_GPMNos', 'Ffzg-xzp_W8', '47IVQKA52Zo', 'HWFeGkXajtI', 'gmm2b0KFg9g', 'yMtPTOtOG7g', 'zID9UVFnb90', '_NPV0vTA5xw', 'RQLgE-5OpaU', '_pJPRD1HEaw', '4aXO_qBpma8', '8uF0CIaqszM', 'wX5k3hweMTI', '0b2WO_GIDpk', '-Z_ylUL1cuU', 'P3ZTxke4AOU', 'voMDLF8jNYo', '97zHYeF4w7c', 'n__hQl80VKA', 'FmQ46z_3AbM', 'G8JB7VgiH0I', 'HOIlECFpIik', 'BpSH7esYTeA', 'axg6n1jZB0s', 'q9qLQNP0xzY', 'YUqE2OkSRZ8', '73kyJVEIm00']"
Gardening Advice,"['f0ArCzX4jpg', '08DT2B7fkmo', 'qBsCFurQ_0o', 'wm5xrfEoD9w', 'wOYUSjKYlJ8', '_YnVoRH5POQ', 'kqW7Uzsens4', '9mnRCmVLnsU', '6kPnNNwwXdg', 'aXXqnnasiX4', 'WO9TPzkbYfU', 'MIsoz9etWLk', '3_roStxbN5g', '_besT93XBpg', 'kf1JxwEHsLw', 'Pv2etLRM67k', 'jz4u-bB9yj4', 'qelMqDrljkY', 'UGLB1mK_olE', 'bOeO0fNqWRs', 'dMaMxAvUreI', 'K9nxKzO74jg', 'Za3LnzaBt7U', 'Xuzp1oH42ZI', 'ZZ8wfPNhhO4', 'RqbxIhCC_-g', 'gQS64iVQLic', 'wcI3NwIsbSI', 'S89cyB1x17Q', 'ILnbJQmjwpo', 'JKOl0eew_cQ', '_WPVzT9cViY', '9fOe2bnZHrY', '3GkceQ5BqSY', '4hNiuAdZc6k', 'LSrUNLQoI1M', 'ym5nLhjOxpg', 'BEGGe4l7D94', 'ztfpUOLdTEI', 'STGq9ACMs4Y', 'loE8a6lMHgU', 'Le9I-E_LtEg', 'LbZFzFKTVlI', 'y8-aRbGJw-c', 'fWhobAQMpWE', 'ymHm0BgLCsw', '-rNFTOv6cxI', 'zrRS2QhJBVE', 'eu7X19KREZo', '5p_KI-SkKfc']"
Sport Highlights,"['Bq0ZPtMbyN8', '8OHY8QMw-AA', 'SIeOw9NkN8k', 'L2i5BFuJ6-A', 'SABEx6GwMoE', 'S6_108D79Qs', 'UFSk4n5fwlw', 'Sbc00ZtRSKU', 'pYOICJOFfoU', 'zPA8vgrayHA', '870QLxpPAas', 'mRv9vYdtdps', 'rSeKKW70_lY', '9DMfHdpoXs4', 'mABme7X9i18', '9LUoWFBXqBE', 'DwvllaBmKRw', '5wuv4hCKr4M', 'M9_7ydxYsic', 'li3ut1PKDPw', 'ZHfO3zs4Hy0', 'dnrvy0QMMvg', 'aezzYWdMGKI', 'A1RA7jGUCU8', 'Ra895xRiuwM', 'u0H59F7xWZY', 'NTdyY_NEx_o', 'd4khZ4VIrn8', 'VZjmdyPgtwY', 'YfP6ag6oeIo', 'NtzxZdl6WlA', 'OAiJnxMyWhE', 'TDyVGQJ1S2w', 'h7SquqcRWo4', 'F1iwQW_LT0o', 'qHbiCzlmO0A', '1QtKvC2nVuU', 'xXvLmQsom7Q', 'rlhm9_HNV7k', '4MBcUTsjUB4', 'jJWxK74AkWM', 'firaI-mi5ec', 'EECcnf8NEpU', 'i4lFIhB7EYY', 'b6YjJOtYeRY', 'RhMCU79u1NU', '2dtKMJFCPMg', '1JG85ko0nUo', 'uhOcn_5gPgs', '_5oK5ys1nSY']"
Book Review,"['_Cu7wML2Knk', 'xuDyU02nzPM', 'wyMiAsGaAbg', 'VtbTabrm8K0', 'Y22i0DuzJlU', '8uF0CIaqszM', 'WKYTzzeNG3M', 'd4lk1IZuWI4', 'ifLmo9fwjv0', '0ByvUTbvqOg', 'EICj1-IwgFw', 'AbLqAtN8FpE', 'A16IuQ-4Wyc', 'zTqBF1SlRMU', '2ik65t6-Em0', '7SHBYKfSVmA', 'nLNds47DHOk', '7I5myrl7i9s', 'SJRUI1ZEOgo', 'LnsPSaTJ0WU', 'AQmvsifaZLQ', 'gASOfEzZvWQ', 'yClJlhDh_Jg', 'HNlFBBAIw8E', '6CdvczJTwbQ', 'bh6vLPl6pgk', 'kleOXDBIZJ4', 'tVBl7LGP0g8', 'g_RKZAIEs_M', '20nqiyFO0bI', 'lmeUxT0o-Cc', 'mpjJiARwZsE', 's5n_RH1gCE4', 'dMHRacZdqlk', '5KmsWeuQ6Sk', 'DIM4ioI5Iac', 'QNaQtwIyw6o', 'dq1Ly27LZps', 'Ej8Ob6bHvqg', '9L9PD-vSdXI', 'csNytc_zbpY', 'PmFwnymHxsE', 'sKR5LcVfr1s', 'u1h-z2AxhXs', '5xUmL_GEb6c', 'MNiyV1m_y2Q', '1MUQgpeVgCg', 'NHb8sz-ZkKg', 'vDuekQoY6nI', '-RmQgnBXH20']"
Art Tutorial,"['tQ-X5J3oAds', '9avxBseVQtI', 'N2EQxS6fi64', 'FltMlqYmZJw', 'r8xKAtiXJtQ', 'XzvTurjGb0M', 'ZJwvvMZKUY4', 'm-_zjrmMgVE', 'tKJpNUhILXo', 'mseoQnkjonQ', 'LIWpwAfU6xk', 'm7Ds8TVJ4aQ', '6yIinmvt0dE', 'ULo8a0nYiRY', 'D7fOHJDfMvw', 'RYztisFWle0', '5dhQXqPYNvA', 'D0GNtad1CMI', 'mttIkMNhHHE', 'ayvreIU95u4', 'vO08gifbEuM', '96Go_BQLcoM', 'ciHXL64QXz0', 'AL0cDVDvWCk', 'lUZFwsrakq8', 'UrgmhDDlJeE', 'Wq_G13HF9vA', 'XGDESdh9w1c', 'o2zfY2HRMJI', 'zdwindMwJro', '7nO8iV1e2vg', '4jWUyc5R7nM', 'Om1ny9fAe0g', 'M5IjqtBeFzs', '1MLp1y26s80', '43HnmG5IwdU', 'aWHA7BXQLEk', 'orvZdrxKOdg', 'VVNzdxohfC4', 'hrM0WfC4rsc', 'DOuLq0eEp3Y', '1oj_AjgpmNk', '7WRzsUF3s5U', 'wVDsN6G02V4', 'nACa3PVH_ME', 's0f7s9n22n8', '3Gn49LLvEcQ', 'e26bql4kv6s', 'ySQ6plX3XWQ', 'SbxtxUzr8SY']"
Gaming Clip,"['FJNB19q_DRk', 'prSDgFWsyfU', 'chWgZmqfCAY', 'AqXGWtpp0LY', '9sTW1kQw6FI', 'afZyP0zP3dY', 'vIWDev6x0vE', 'HbFA9EdttJI', 'TS_43nX1wnI', 'lgUjO9Uuf0M', 'qCR1sVS2h4o', 'RENCXaTPoQo', 'E7jJEB7uZrc', '_xtCHeGf4h8', 'OE0khbek-yQ', 'rA-0wKSmXII', 'TJld6hVdG4c', '7l0bjrhS8O8', 'jdPtwxfGFs8', '5nsbdZmU1sM', 'KyyDh9NP_lc', 'FQXtSIKOZUc', 'mGeHneZCsYo', 'RKCFsfGC6XE', 'VOtkmnEpKAU', '2vtkTNVTun0', 'W9ZyStaYQmM', 'ua7GwbKU-Hs', 'p0GizAmY39Q', 'NE0xtgyFje0', 'zUfehGynf0o', 'S-XVHpaoSME', 'zQChAP2iKL4', 'noFbqqfvVAI', '2g0WJbBiu-0', 'rNTQDSbIZoA', 'tG8rINi_etk', 'tZHVnZvny7U', 'ISz4Q9sPtAQ', 'z3xtag_5RAQ', 'KMr0W2FLOwI', 'hBZxjN5CZu0', 'ef7NxkeyJvY', 'nUxKlWoWs74', 'G15GKxyuoOg', 'DnH9onqe95o', 'tWctq8vuMwI', 'M5pbJCrsVKY', '5T6H6AmdITA', 'da0GBVGT_Tg']"
Health Advice,"['vPw2jUawXTU', 'HXODwBl89TU', 'b6XF8W2igH0', 'QFpa5PtO2UA', 'Cg_GW7yhq20', '2U4p-ROgN9M', 'zN7JxFlHzLs', 'O5OW60LrM5g', 'OP30V-d54vQ', 'GWuoOon0jwE', 'c9GLQ7fbKCw', 'W98coMja02k', '2wrK6tSdJw8', 'p43cutipt1I', 'GNed-9BY0W4', 'zdFimm1G_y4', 'UIGz3vL2V5I', '8ackkHuSXKA', 'p7rU0ppFaow', 'zYxV9QuGIis', '0dUNF1OkZ-M', 'ZNhySY9skAo', '0V0st-I7YJA', '_qLWQJ1Cjbo', '83NMmF7zsnE', '22YvoliV-7Y', 'Uw43juPTNqU', 'YG6k0E7JKX4', '-dv43NL8r5A', 'Vecae0-mugk', 'W_Vn2ZuLWCs', '_WX8XkC6b2A', '6M3F9lFvvd8', '45QWYYu9kdc', 'fGo70v-4Lyg', '8M8Z69RcxKc', 'kg5Y6sUueUo', 'tEcfBpQvcI8', 'b-Oc9MMerug', 't_FqY5K1tUc', 'Vom-a6ZffkE', 'fjjR0xCWJPU', 'agWY65-aZW4', '4s4YhdLvhq0', 'DCgUeFPBiLI', 'MdZ-SNXK8Fg', 'S-zfB96uHKE', 'K5rEzVfGnkQ', 'nkx8AbvoUVY', '9G2ByxXZyGQ']"
News Update,"['rLmkMJnm88Q', 'KDo8n_7_2YI', 'bnRIec-U_1w', 'AdEFPO8s9MA', '0pT-_poGnFc', '-qFM09iBDhI', 'Bd73G1dNhMg', '99aUsnDuObQ', 'GHHjAlBYrCQ', 'is6agPO8yVk', 'wuR-YJ1Yf-o', 'syKM6Rj-Opo', '_QrJDDgjOtA', 'gAmJFoMIEKU', '_0G1kuPLR1U', 'DJIo_BX9KwA', 'dFNPr7nUsl8', 'gQCzFAlU6Yo', 'OUgYF6h2Pi8', 'SMNlIAZhoL8', 'P_3-B7eAY0Y', 'fQkmVcanB74', '9KRtdp-UAgo', 'LbiQmfGLn_E', 'TpIcAGTGR5o', 'CtAlaiy5rxM', 'ThHjJeFI-OQ', 'Jd-W-P_fGP8', 'raflZWGmYSo', 'dth8hcC3CeE', 'LZyIr7I5E_s', 'X-kh1Y1rXqE', 'R8oCAMuie6k', 'zUGi-e1f_C4', 'a-hRVizhOng', 'S95nJSapXeE', 'ojUSrEEiaKE', 'vo5-qKKLffM', 'ELY3VMQ0EMM', 'DG3G4mx44Rs', 'yjHwBJlA0SY', 'a3bJvNrTk7M', 'bqO8feLHJ2U', '2_FuN1tV19Q', 'Q9P_r0kE6UE', 'hPndsH9psYA', 'Hla18ZXRe6o', 'piZipZyy0yM', 'ASAQi1gR5fY', 'v19ZaN9IBck']"
Car Review,"['NoeFyxsRPZI', 'KWA02MbsnWY', 'clChJAYG68A', '9R4iN2G6i48', '0Z7tx0E2omQ', '7LggoqFuNzY', 'i2c8COEAuio', 'aBPpl7ST45s', 'CWJh8XSYW7s', 'I4D2m1bytAc', 'GgMLq0iucTU', '-aHNBfvPOMQ', 'A0Qp_IEHjF0', '5DOzUjJ4kY8', 'ibBseiuYmBc', '6OPSRSsV6ik', '425tMS_5rpA', 'oLFNDjWZPHY', 'BjQf-1fnax8', '1nicpDRsNR0', 'xV7_2s9q9Bc', 'fhXB9Nzrujw', '8-eCeaq9ORc', 'F4-Kyy0qrAA', 'haAfDq6b9Xw', 'hSmyOYfAAdg', 'yOiCIAb9GBI', 'xqZRlxoWz9A', 'F5XAqzYTRzg', 'Lm-uzcuvxhI', 'u66yYKRoUZ8', 'hRu-JgKxnv4', 'Dj-LW73DVuk', 'prE3kL2BNLs', 'gU7PrOsOXws', 'XTpCLvLTwfo', 'P9DQpkR3fg4', 'P5h-B0D320w', 'n_CWJY_1g1c', 'HULU7EAv6vE', 'Wo7Xmq4iYw0', 'jHXx88qvzCg', 'Hj7qvEK4zZM', 'zk2LVYqQPso', '3ONEv4j6qeI', 'kgRHfnR7yPA', 'azGgOIwXb2o', 'm7SREvAAzxI', 'sGcEMYFiI0Y', '9hBIDF3NYnA']"
Photography Tips,"['whzjjaWRK24', 'K8IZuWOFNVk', 'amY-ZiPKqvQ', 'yrawU6C7GcQ', 'Cd_wfKY8ikY', 'IM8xW9ULZxA', '3UpP2a2KMVI', 'j-5ruhJt01Y', 'RxQXfKObXKo', 'ug7YOO655o8', '1FukZBMRtq8', 'ZPC4f4y2qQg', 'CMme7hjrQ8w', 'gv6UHTuNIRw', '7UwxPyKOH2Y', 'vwF5Q2PV9vc', 'mUbTojP78wU', 'z_azBkFwyyQ', 'wNHlM9MYtjo', 'z08OesOQQ_s', 'vriEwheXu0E', 'vwA4EFWUjZE', 'WfyqS3RcJqk', 'm5RsOIuQJa4', 'c9m-n6NjWEc', 'Lt2_KGNBPCY', 'r9OY5pD3kbA', 'MG2Iw3Ttd7w', 'WbE_F4C9Fuo', 'GtimG8EeSNQ', 'xm4wVUIhQaw', 'zzz-lqqEvEs', 'L7N8U7emCVU', '7LOA7mEEBUc', 'WPj0tzEvNIQ', 'LxPN6kSfXb0', '1TvQtg0seMs', 'FLYLdUEsX0I', '4zZ8yOIau1A', 'g3_szA7MHVo', 'yQ7i06YBQa4', 'vpVnLaoJaag', 'EqTv5gkN-Ak', 'oaKbnyHigQ8', 'pjMql7q_phU', 'mxnxFVTG8es', 'fSvheR-fgQg', '5S5cKRpR_p0', '-3GOdcz_vjs', 'MRqr7F72z-Y']"
Life Hacks,"['d6bn8MnZVrk', 'Hpsq6V9DtTs', 'No51VnOaJTk', 'yBvMAX5Q5Fg', 'S57ghlb_hGY', 'oDaVPfcNtfw', '64scV6mKOLw', 'r2BG-d5iVf8', '1BQDasy1A6A', 'W5bEHtIxLCo', 'c0WbVHlcKx8', 'lduO5iRD2Tk', '0Oa3wbcjGVw', 'e2NZtYrJCaM', 'aVOjI70hDHc', 'RlMvvSrwCu4', 'ffUFq2eoNkE', 'nrD8OT0Oc_Y', 'S7xySzPNxKE', 'AudGmTxDmpo', 'Gfn_lik3eE8', 'xiqMgsgnPeo', 'hsNllUzksvc', 'gen7zFcK6ZA', 'v7KGccCErj0', '-B7sdqh8Vzk', 'Uj3HDAqZiaM', 'EOF4a5AKcKs', 'pA0E0xbtB60', 't7Yah-lo9hQ', 'wX8YEUS-b_Q', 'vCU77zzw9Kc', 'GSPU6Sf4sbA', 'lah924NIsPM', 'Cg1XNhS2Lbw', '2UciKOCI5tA', 'MDhdtDqlekQ', 'D56BC6Dzerw', '6-XKnERSNz4', '18Mu1W_01Aw', 'j2xKM2QvY4c', 'myAX17mejJU', 'Ak1C769hbmQ', 'MqLo_8fFImc', 'PGMmzy80at8', 'iAgRxQkD07c', '4KhBMD2hidM', '9M_WWdqEkf4', 'w04MjVnYRvQ', 'mU6iGCxkiwc']"
Kids Entertainment,"['KMk6g30RYiY', '5Qc_oSKmyrQ', 'iM7h4jiKY6k', 't1WvljR3Zmo', 'TIUaRSuu4-8', '-QBRyLHiQjw', 'OrRdZrUfgM4', 'FvqgryhEgQU', 'jwQj_wc1xYw', 'PRoywBGZTVg', 'EuOXcD0JiHo', '3iYY7wbbd1Q', 'GjLWRO0TdD0', 'roG_BtBh93o', 'byyOT8tDp-g', 'N8ampBwpRpQ', 'lcEp5n-g43A', 'NGAiulugLZU', '2wU6bhuK2OU', 'qFC2EGduqwY', 'cMGE3u7Cl-4', 'LC63fL92ka4', 'KpPVazVnqZw', 'VBS8TKl__rs', '7b7mTII-ttI', 'A0L-DLr6-Tc', 'QnZQF08Sxkk', '5qbewtJwC7s', '_lNmFI6vix0', '0lJaZr9uOAU', 'lr4mbi1nMJQ', 'ZEol7N2ctSo', 'u4Lsrm6vcVw', 'WMhJCWprkDw', 'ewsVdPEe0F0', 'JpigFeUDiGc', 'TalPPpzLAWI', 'nvISldid9aM', 'VY7B-2FdOsE', '1rz_axZ7SAw', 'X76NpWgokrk', 'PRHXP399Xew', 'IlGEUDNToxs', 'nvRoNXlDk5I', 'MmH94XOZI2E', 'P6Ch5C1e8OM', 'trowbHC8Jzo', 'jst3sIzGTy8', 'SQjeqZbNTww', 'kjaMMbTo3N4']"
Yoga Sessions,"['HPeH3jpOROU', 'JCztjGKg7Ms', 'g5m5HNVKPrg', '13UY7i6_C_c', 'su1JvvqX564', '4M3BmtwGYns', 'WbngYE4mIGg', 'K8XTPv2TyYU', 'ysiGIEkdozo', '3ZrBi05dJoM', 'c0qQGRjBUhw', 'vWsBZaK1gNw', 'Yx2yvaWnD84', 'cLU_SBcE-Uo', 'RsBPbe7cB90', '2ksBbz4nV2Q', 'RGRpH_KlVMM', 'YtWqRfKKQPo', '-sq35zXS4S4', '7Ep340WqkpI', 'bBcnOS1ei88', 'UTQ3vAoRA6Y', '_-gnnWyTo2k', 'ZIQsL1iNNnY', 'hMn5dXxivec', '6UqeEOqhFlE', '7naZZn3LkrE', 'sVIX97JC_k4', 'vv9996sOh6s', 'NtKlqnuFKmU', 'H8Xc_IhSKaQ', 'g9h6anH7n0U', 'oamMwaPOzj0', 'A6GKZCbvkrc', 'sWFwzZ9Lp0A', 'o2wEMeORrT0', 'X1Hmm_4xwpo', 'qVldXa3stbs', 'uQ2yJhF4zZY', 'oyUq5Ng6czg', 'DCtN9PbJVi4', 'elSxwPePei8', 'm7Ch6g8uVbs', 'LmsdRF1T6_k', '4p4Ppad_K3g', '3iubWAzOjzc', 'GSENAaAu8QQ', 'DP_QdDOGJxc', 'dPmgwv9-ktU', 'GSFKVAiHLjc']"
Motivational Talk,"['YQVBPGj7gK4', 'fLeJJPxua3E', 'A9IqY0lmNkY', '-J8dBgLGXkk', '5f7E4DQG6kk', 'INukjkNsKpI', 'vR7_XIoIyvc', 'lLCuJYJueks', 'jWFAWvPGqt4', 'F4FOMh200QE', 's9oiClz1h6M', '-Qq5Xl4dlNU', 'hlng3bzmMmQ', 'qQMmMC_UZ_M', 'Cvj_Gg5YHr8', 'uwU5WggCpMM', '0Znvum3WikA', 'FKf5355cxtk', 'Ee1dHyxdxZA', 'KSEQNZmrDeY', 'ErlHv4Ji1yU', 'tfzpUN6rnUo', 'nyhRNwTfydU', '1gRIqFqjiBQ', 'mXONsrchXiM', '-XSqntSR7iA', 'uMocH_Z8_ks', 'FNSBcaoiFmw', 'PLt1QSTVL08', 'pSuZOOMz5Vs', 'dQqq6bRxqA0', 'cdVOKiLfRPo', 'wu-eLgX0I9Q', 'SX3nFcrx3KU', 'momUQcfDDIk', '36OSS_kv2zg', 'WgwQwsfhW0s', '9eZT5kyWzSc', 'FCGkvX5Ux2E', 'dlPuNPwVB6I', 'U8nETg_C1dc', 'RXGekk4pfbU', 'FPq2zhhbGUY', 'CLhqQ7KmN9o', 'xQnUr_5-1PM', 'c5QDJwP1Wuo', 'iDTTXn9rbco', 'RgiC0Lz4IcM', 'NteB_ew5r2E', 'dzFDsoAAseo']"
Cooking Challenge,"['QEpUSStNBOY', 'gaXQo5D_dgs', 'yCwAmBzG_V8', 'upM2T7IF4RY', 'Qcoc_EbbhwU', 'cnPjqgMtwcY', 'q_wC_ZV5dbM', 'ZPQ-pqM__jQ', 'fuyqD1PzlcE', 'Hpdkvh8oa6E', 'cKmO-3t3CLE', '13DPZj3kI88', 'eNMvJTFXAL0', 'B6MIHrLxAms', 'mtCQiWJBhEY', '68HZK2Xamc0', 'PERqBjwng4E', 'LyDU8-H_XW4', 'LZkjBiCXPu4', 'CE9UdrlhMLM', '4pMAomTNGqc', 'oY-t6IPSNys', 'hvsOHznwmwI', 'JQ68awcHneg', 'BBWtZ35ulg0', 'G7aW5XAQ5Kw', '2D5_cJ1KaIE', '9FKgBEghrCI', 'A7MGpaOMxrA', 'DtVRZaljLSo', 'SNjZJ26PLy8', 'tAhHCMrCGao', 'JVyOY5w4By4', '-LFM5H3oqdo', '50kVfu8Gqt8', 'F5TP8ibGBF0', 't9aOM0kDfS4', 'sTpiy_Pt2fo', 'crsUOc7zeUQ', '22iBd90-0TU', 'TGhDZq1E3hU', '-_655-K5kWo', 'Yf9aWB7pLRA', 'kOSl-gRYHkY', 'gftAXC1OWS4', 'QQ6jPzShhho', 'U-WI6NVr7CA', 'OJ_aFPz-Yww', '-4oy_ta4SfI', 'C8gXULicIaE']"
Historical Facts,"['SfoCe-cZqoI', 'odk4qwsOPws', 'aey-Fv6ysAg', 'OuZrXdy5zWI', 'M1lL9wje4ws', 'EWaqFH5aBWY', 'vs466DwfRy8', 'Xv-_c3WtY8M', '-Yu7TR51nfs', 'qNAoaUwJAlE', 'jVYuBT55ObE', 'Rnw6SMD7tmo', 'XPVq7TVqQyY', 'TIztrPNcXVU', 'vDHFcvWnW14', 'S4QXEZ7gUWU', '-vduLtPIcmc', 'x6x1YoSv-r0', 'RijbAK_LuFg', 'O8dlh6z5Hkk', 'HyXir_Cg2dA', '9LvtfB3IsDM', 'c1zqfitGz_8', 'Eh0WHQWR_fk', 'wpBV9xZeayA', '7UVWVe8Dmok', 'IwHgvXybSwg', 'RI9zZwGOdss', 'mXJw70Sf-pc', 'ucW6UXO-Tj4', 'zFe0UI0XbxI', 'YNSTcsi-5rA', 'A-Nc1msLUIg', 'LuOVFY4KD-4', 'aGqh_b9CyAw', 'oQk8zsqcvoI', 'csfExPy_g3M', 'o4wior994OI', 'A-3JwLeD8XU', 'v_xcDgFjahU', 'XBNMQvqXUic', 'tLjR74vnQKQ', 'Fax6_4LMxto', 'whVyZW6vog4', 'xF_nlfg5Gdk', 'Tv5W5DUnQeU', 'qwI1YUgdJUM', 'o3Qaz5H0Yzg', '9V4xqhLvUF0', 'i54xVJOWYz8']"
Astrology Insights,"['nRAkP1LtJik', '27FhMAu2qbQ', '-HSCawJ7sNA', 'Aie_B0FdWhg', 'Va2p7i7JkHM', 'Iw3dyn8rA_w', 'VSms55s435Y', 'ypKz0xrRglM', 'FFBJtNvglqk', 'FhF2DPpKNGk', 'qUzto0NkS2U', 'o9uKnWWg8eE', 'W3qr2QSbNwA', 'z6g3SAZh2Y8', 'pN8EZMQNc6I', 'ojBaVubB0ns', 'aEH_MNod-Hw', '2itclJOUyOE', 'h5zZpm5DEmA', 'zYrTaVgA6SM', 'iy2J-LDl-kY', 'aIRUkvIXSMU', 'bMwALnRNviQ', 'aINW-3WOkl4', 'dfDF5aabUX4', 'ZPnpgREadcY', 'eLtmjldEwbc', 'WXmvWJayLWo', 'x5vTu7gHX7A', 'WPSVKORU1hQ', 'D4hMUtAm5ik', 'ux79v-JECjA', '5AbsItCVJu8', 'cpFvPyZSr0I', '-dI007_4eD0', 'XJqoQS75yc0', 'jjefXrHytv4', 'A0S3JQ-H4jY', 'mCFBPMTyN7E', 'XzikWRSeTlU', 'LIoexra05rc', 'c1CJeiO8b80', 'VHiacVUt-9c', 'DPQIfYpQMco', 'feQ9eJ-5024', '0JyiP-IWQpE', 'UNhn6wONwy8', 'zce6D_aG-eg', 'H5lWAWJXly8', 'm6BMl35tUC4']"
Magic Tricks,"['objSKD1Dhn4', 'uvtS1Vq6ptc', 'DnLjHW5nI5M', 'n5S4B8Xyt7E', 'rV76gkaFF_E', 'RMliRXsmzNs', 'A4mFpWHsWbw', 'v-YdgZmf618', 'Y3u9bfN8u8M', 'vE7KlwYMVOc', 'TRn1sMNqK8o', 'vNgwvGviwEM', 'l36uaaqSbYs', 'bBwBABmEL6c', 'YPOLqWnHp68', '2EouUcSX3Hg', 's2O_doa9bg0', 'vYgBQOkpQr4', 'iSFDDXdH7-o', 'C5C4RY9KE88', 'Iyoj2j1G4u0', '-w-zTmkKdWY', 'gpcHBfl7D7w', 'tLxrbkdGzKI', 'uGj7jtgNfQ0', 'MOCyNUq7g0Q', 'FqOML9SFuNQ', '5ynRfkzzHrI', '6Chnhq0wG5Y', 'Sx3vlF_rXBU', '2KIdrREYD2Y', '4n8NQoMsxAM', 'svJvU0KhLCg', 'EH-0DzxxCzw', 'SRuQ2ASszmo', '6Mqi1bnxH_0', 'EvhfcBJJJ3o', '9CFT1FJ0lbc', 'H5aReY4IWMM', '2DapBoabrwQ', 'pn8L0dt0-2g', 'lWTat2sNJv0', 'G8owOCF0oJw', 'vRCgYre19vQ', 'ziKi_EYe4lo', 'gX_v66ewCds', 'INePyg9DtC4', '4LOn8LmA2nI', '4IzRC64LFCY', 'Fd0PzIzzHP4']"
Celebrity Gossip,"['xlT2eIQmuEg', 'jpXU8oGPp74', 'QdGlVyuqI7o', 'RXRaPI6nPEI', 'MQuR6fXiMYo', 'DbKn6rHwpQE', 'yeQLXIfuPUU', 'hXYlGniF20o', 'SflfZwpPMjU', '3P2G1pqo76Q', 'hd7Mpwae3TE', 'FuJP0SQB7Es', '3tJD1q2wFoM', 'ls5COWgo7nw', '9PWGVof9Vnw', 'cErbZ52ZVRI', 'g5PI11imnHU', 'ZsbzPRH1Yp8', 'Bw77IYi4hio', 'uS7r8GvxXc8', 'deA6xU8037E', 's5iOC6vh1Q4', '870UptUxsUY', 'menaZ_PmeEs', 'DckSMDKgHJQ', 'VIvbzV95BWU', 'fK1ErwnOQcY', 'G734iWRb9mU', 'Ssa_RnYo0PE', '6XwwbM1wEEw', 'spjg1ntzgFc', 'meKZkzItdMQ', 'FqZoJDOSHY8', 'NR8prxHLc7o', 'OkzUfef_JdA', '2mmvOyCbfxA', 'HC1LMK91k3Y', 'I8qg8vsWIjU', 'jyE5Pf55UpY', 'Y_Hke0HXyiU', '_4vlCLBuh50', 'n2wIfaK59Ms', 'LQHkoWVhVNk', 'v9nymdvchQo', 'GkfkUE7TsaA', 'GurT_RVksT4', 'un_oueAkMs0', 'dw3P56rEDVA', 'fLciJTzPL_k', 'kKWeJos1xE8']"
Investment Tips,"['6SO4CpD2woc', '2s9m8wVWo-U', 'OHdkVWtS22w', 'd-YtI7rbsHQ', 'T17Z_2yCmEM', 'Ux6E4GSmyt0', 'rxeoEx1N0hk', 'UwTN9n2adtM', 'T3gG30otCJA', 'kGZh6X8HBw8', '4NFLnn-hnBQ', 'q2YUeuwi72U', 'VG9BaH1vRiU', 'OFxJfsFuVyw', 'sNz7re8UXik', '-TWAP7pO8eM', '_kb-LbShgCE', 'LNAsysiJwjs', 'gzsbOglVR30', '1hV5pFnvBDw', 'kCon_gqNZ7w', 'xv4PQhmU8Bc', 'Fwsy7VAZZes', '6X8OGWK4qWo', 'P-7ojHH_vjA', 'kQlyUWohx3w', 'ekUHkQ0Pm6A', 'BwqJXCJUTbY', 'XGw5idiqiZE', 'ZnOuwjpJlnE', 'Tnjt4ILavCA', 'I1vJCMns3Qk', 'geGp7z-mS4s', 'fEgdoqsTVVM', 'PFKPwnuX_bc', '0nB7VURCZOQ', '1axOVjIUR0I', 'VK6jK9VoOUc', '9QlQoeokVLo', 'sBDAnQaDrP0', '_jHXA8HyUYA', '1BsHMx_fFyU', '1PSdzTBVcX0', 'PkWrMi6uMlo', 'tjFoEQwMuyg', 'QwVnZFfe-4g', 'eTBB10kQWPw', '0OZ-QtAVwlY', 'pg75AX_L2qY', '7Pql7LT_Es4']"
Sustainability Ideas,"['LrtV_N125lU', 'VSegPxToWxg', 'rZ6WGB-hq5g', '3Js-nXqlKwA', 'p8j-Zp6xyCM', 'NRj4jJCYmaU', 'RCOt5dxX1Bw', 'mdSEBjRYudI', '2Wzj_Qr47gY', '9F5NOdJoJHY', '4AM-4nlbTu0', 'qkmxsKoPYsI', '_hD6z3lNdbk', 'cabqujpoOKU', '2kP_dZQpmGE', 'NxTfhTi0J-g', 'qNn88qa_-gI', 'oZd-aqfAG8E', 'AO5TCN5XwO0', 'bNOG2L2Ho5Y', 'rf-WV6RkPlQ', '_OogH2-PvWc', 'gwrtUskGV_s', 'QGqYQOpZ2Sw', 'kVHhxXhZG8g', 'nMVmQEQrOIE', 'ZIaZD9Vn0ME', 'F4_DDxYQUYE', 'IqBVZ3HbtQ4', 'ESkDVYvzuqk', 'As3BjIcnCPQ', 'UVcUdcx9rJY', 'i_wMvhIP5y4', 'n6bgQ_e8E5A', 'ichTDtzD6bM', 'T4EBqiCZ9W8', 'jSncsLIUjq8', 'Wf98KN_4gq4', 'dx6ROYv2AZY', '5bsLkjAGH2M', 'sb6728P_nBA', 'fjetKIw_mZ0', 'JKozTglp4v8', 'ieOtH98v7YI', 'JT-7QUCbgF8', 'Qz1SHaEqclM', '5btKr4k9ntE', 'ZG1BSsoP5bE', 'QCR5_BX2O5Q', 'axVdNNiutw4']"
Cultural Insights,"['VnX1i0sF91E', 'kD02FggQ5y8', 'I_rRY8nMzIY', 'QLc1Ak-63-Y', 'ErvBfJEOw24', 'T1Ru5vtImNw', 'F31e88E5wes', 'JdEeN9Gfnno', 'v5BpqWv6oAU', 'e3KVFGAStzU', 'LhoQHj5B_28', 'D3v3s17255I', 'wgf9nS93_WU', 'pgJ5DcAhvcA', 'OdjO5e6-0-A', 'EC458uPRuss', 'jCmvDGZd9Ng', 'phfz2JLu1I4', 'APOeqyFT2K4', 'jAlYbKI-4ic', 'Zf7yp8RiL6Y', '_QNFh5pj8l0', '3KwGadic1S8', '4JrcaOe9uH8', 'PRE2wzneUu8', 'w1ubC1JKmj0', 'rYzFo8mAmG4', 'AA38T0dNLBQ', 'tASu_8BV1ac', 'LKI9V00B6Z4', 'OdigP3FVZBE', 'Ku_b6MJAR4E', 'F1OnWQ4257M', 'um91l6om7PY', 'ExUFLr80kbg', 'pxK1LrBW54s', 'QJc7CvEu5AI', '5ZmwxztmE-I', 'E2f55-OlYeE', '1FtSz7ndAOI', 'Id_BFdgPPEw', 'jbr4Kj6z7pY', '4eJNz20GXP4', 'ti_h434-Src', 'peg41XIplcc', 'VGoW_hXvBV8', '0a-mX6hZolE', 'yKXTERiKg-g', 'SSQOeYxmTAo', 'tSCufsVErZs']"
Street Food Tour,"['DvaVgTdKHDg', 'y3zLcCOnUzo', 'YGO5XBIwPUE', 'F9khMrxxy7Q', 'PFRW8P7HjOs', '2HrkzdQULFQ', 'v1lgpI3Ih-E', 'G2LjVpdtqdE', 'd6hioSGuYwI', 'EDuBqIUEWLY', 'yvCvpEgP5kY', '1GAyX_sAC1c', 'yLF_YHaxXis', 'fG1xnXX4lFs', '-oxf9lUTTvY', 'OJ_aFPz-Yww', '2Np7DC2UG3U', '-NrRxWiXZVI', 'U461sJrvbGc', '3Rejkzm-7jM', 'LQy2TSkAUa8', 'zoGmGOAt0As', 'mA1rVYUq0TU', 'Sn0I1HxhMW0', 'Rl0s0LTWQ1M', 'swlvGSq4URI', 'ZPQ-pqM__jQ', 'DwBrUPBSyHY', 'nb5f8quEL5Y', '_ZQX56hqUKI', 'q0Kyyy4jQmg', 'hDMv-YSuyrk', 'adq_h5UbNVU', 'Nk18d5gHxhg', 'jkQhf3ENKFc', 'pK7OG7R85pw', '5MElOeg2XYY', 'torDOFOSqqc', 'BvwCmfuCzSc', 'iKvAA8HPhio', '5yjO2J6eRe8', 'hClGyEmuz3g', 'sl1yR5CYVLI', 'h71MREundQA', '5d5eM6j8144', '06EtjSVHzi4', 'sIAMqECTA8U', '17hP86pWnbc', 'Tje6iARN8gI', 'Bj5OJcHFh8M']"
Animation Shorts,"['UvmDs2hWNaQ', 'HvMjvcYoH2k', 'oTG8FSt4zXE', 'j6PbonHsqW0', 'ys95Y8G1GHc', 'OtifiC8ne6Y', 'b4ZMgDASl7I', 'Uu8_AilyUvw', 'D7OsoO54rgs', 'n8mzb3XqoX0', 'hcoSsJFT9Iw', 'Ge8Bbh7uHVY', 'lYMbMXPe8ns', 'tgrl4VXyntc', 'dIAy5Pm0EHo', 'eEGszhyRtqA', 'ggmKMze5N9g', 'ys0d0Qqew0A', 'W33OCOLlx9Q', '2HIihTgEKoQ', 'YSHBko4FGv4', '31jl_16Xass', 'M-Q1T5sBDFs', 'MyAHhwbQYQU', '9acxn7qAST4', '25JbR7a1pZ8', 'njg0Sucsm_c', 'oNS42pEDEck', 'ADw9aftkHT8', 'PVQMrEuC1Cg', 'ZS8QzviA-_I', '-n9fo7jUMa0', 'E7OYJ1W6-S0', 'AqOBC88GtJE', 'YGjxMMJwVh0', 'uv8MoreI2tI', 'xpZi3jNPVZs', 'EmNPVFn2P5g', 'Vo6HXsHgizc', 'dIwaQGHB1LU', 'd5MZnsaAejA', '0QP22Tt_th0', 'iNGeiBzDTJI', '6cgOGyBVUAM', '3OhpOJjYZtU', 'ecl-eCbYFPM', '-EQn6INJW7M', 'DjYlIf8de5Q', '_DxaDNMq0dA', 'Cxqh2UBcWCk']"
Poetry Reading,"['NXMuLHl1RgU', 'dEHjBPS21A8', '-TbqRaBY9K0', 'DHrLMxGTvFE', 'B47D5HGSwE8', '6ZRlz9pNBN0', 'lxPjmFWn3CY', 'ow07595-wmQ', '7mhd6Mj0QtM', 'fOdBHurKl3w', 'vLqOHx9GeJk', 'TP9-PCXK-MU', 'VRCAb2fzvSw', 'Y9ksrQ0TQJQ', 'zEwqvtAW84Y', '1pYrMn-LRm0', 'ii31PkwA6eI', '68umki6t7cE', '9MXmJO7URb0', 'NwEJeQZffDc', 'WgDCoH79kyo', 'lrqo88uHaik', 'NQ07VidppWM', 'nsfH9TZCV3s', 'yCnV3QxGiII', '8upCavhgmdY', 'LtmzHYu_9ik', 'tNVi4PqodGA', 'Q2QC5u2hLgU', 'zxPtobWIstw', '5_T9-h9I20Y', '_2O3B_VK9Ns', 'JwhouCNq-Fc', 'ZZ6zCI-aDas', 'buTa9Zv4kjI', '2OynaEaGLc8', 'o90Y6yP7kVw', '9JRfotT7dSE', 'oAJQCVCLBs8', '38c8cd9htAc', 'W1oVqOc0i2U', 'LxpYVMFw44Y', '3sVD4VLjR8U', 'oTzugASDIJs', 'dSc3XvRLZB4', 'fiHoYVrB6so', 'DrqlQBGudOE', 'wp0DIIzJfkI', '9aSGIf6cMQc', 'Glr56c-_Hsc']"
Wildlife Spotting,"['OSs7rA2BaGI', 'xTORGBCdC4s', '2I1JnEKAxsM', 'H1wGinovENg', 'PhwDVOldcHU', '8qjg7_y2Z04', 'vHT5MaWlS04', 'oU7NNRiLUXk', 'LO0oaz7FS4Y', 'S2zjKaJ5Hy8', 'CAtymXuD0Y4', 'x4lefvz9jug', 'XUQBt5YlomM', 'SkKsNTgw7A0', '7DkjoJzmZlg', 'L01ZTT4yQbE', 'sA3jrV_KmEo', 'b5zhknV29f8', 'nwnrHmdh9GY', '9O4ai0kuEdI', 'YH4c0ms1xCU', 'xfqLn7tm35w', 'zgpl-eSNpjU', 'ujior6WGiUQ', 'buiMz77Bp00', 'Gg2035sOxQs', 'mfeMjTXHeZ4', 'H43dWgkvVe8', 'e9RBVU408Ls', 'NLoDL5gbd8c', 'NQluSpuw7L0', '1Y6euCmRUEM', 'HokBrY4B0Og', '4OSMgcftr1c', 'JRIs6gcrGjk', 'z8W8YdA3RS4', 'QdAxw-3KOdo', 'Hw7nPTkadhs', 'ASUGObNhvTA', '8borc1ZOCCQ', 'tsOnEKCtjmA', 'o2zaIFIA-y8', 'oVG6-1xbDaw', 'Jpk4YCcakA8', 'ClShZZro1ys', 'pD-So5ICw_w', 'VruwDdndM80', 'XZAo0dYluHI', 'mIXwkbLMmsQ', 'B1pRATW_0bo']"
Myth Busting,"['JqnnODr3vuQ', 'R7EjdWWqQt4', 'JX7NbxrhyrE', 'nrQ-Dx3w0Rk', '0IktzWbm55A', 'O0I6f8Crdao', 'Ac_zqqWsZSc', 'ro9-7MEWO6g', 'VgUiYZ7qpzg', '00kajB1xC70', '-viUTKqkgMY', 'UslQz6VvLr8', 'rZTRrpxgkK0', 'JBysaa9UM88', 'qSXWKxek8FM', 'aGn6MxclHlM', 'kY9XwVgtPwk', 'NZfjRwwucfE', 'Lsaon4_XXZM', 'WZ7Ye7qO34Q', '56FohjhkwRI', 'X4mMX6aOYNs', 'esAXT89KDss', 'AS_g6mGZJbg', '279a03zq0vo', 'MDqJUDNUemk', 's-U0kQgm8TM', 'nRRDptSFXUE', 'SJ2PtIC-CdE', 'nvRSvq8WFIQ', '5gXmytc19cg', 'plYw3UlWSZU', 'Aa2dU0l9rtc', 'tpkGhPKyz1M', 'nG8biSr7oOI', 'cZQ-UOmNvD8', 'nyV-Rgen2wA', 'unM4tg2vArY', 'drP4D1-agrQ', 'Fqze34D4e4E', 'Y0h0hYjFXHI', '9PNpRQYMhas', 'CwJR2nx0BIE', 'DZIgMi0LsHQ', 'jhXHS-CqzlY', 'eBFadAvkYHo', 'cRF7DqLSeFE', 'Hw9-1HDMt0k', 'SwsBgh9MBWo', 'W9ZUPNi7zdU']"
Cooking,"['wLL8H_h_nvs', 'ZrWNLoQS9DU', 'C-V_kSnBSwg', 'HILNWybDS34', 'Ml3S4meSnuo', '4_bw8JsXyaM', '7lgns5ELa3c', 'Sywbc_INxpY', 'P61VIwBBeTQ', 'hzBTukQZECE', 'Tj03nhKq-ZU', '4MIJpa3d9r4', 'KiEErvcX_qo', 'DpceQU4mU1o', 'XWSEs_EPpl4', 'RNk0eRUYC1A', 'Q4x1WxctUEg', 'wCQv6YuSGeY', 'EpRrKZAMc_w', 'N3DTNmXftmo', 'ECNwzRK-ibI', 'UHjuCdxJQN4', '9fNNhWH-P2E', 'qbT5_36_hPU', '3imf3xPNh4g', 'PT_c_OMDn00', '7w8zIKbiujI', 'whpJ2nuMw7c', '-R9GwZSJwtc', 'N9DQpCirl3E', '8VkOC0UaUms', 'JhIFOAysJic', 'zhEAJMWj4TE', 'HaD6ByfJlBA', 'H220bwikwPg', 'ZDLMshyBiVk', 'kTvXolTutzE', 'V7-xln_5jnM', 'Yfpl9RLbgOg', 'vQGYKYJ8R3I', 'xSDEDsMiaTc', 'abT47SypyYA', 'iuxERgFH_H8', '4mw01RK9WlQ']"
Sailing,"['fp-dMI1sRpA', 'FdF0nYrnwZM', 'QgaBcA7Lnes', 'N71U2GiMinA', 'IPYR5L0etSw', 'qlVRwDvTy00', '_RmELtq6Ne4', '7Uv0o88_6HQ', 'KEI8eroc1h0', 'LSnELpdj24s', 'CRHR-TSY41c', '75jlh7x51Eg', 'Ke4xESsK4qk', 'Mt5O_aAMYYA', 'UjCV_-ow8uI', 'qzPXL-7exM0', 'L7KCTIHPp38', 'dUPMKKbPOmQ', '5gitWvha5iA', 'SZVGZq5LTOw']"
Physics Explained,"['OzotKdTySt4', 'Bbq6dBPG9n4', 'jhwvCKrUq9U', 'i-GxK6Mxmkg', 'Xy3vJEaYOzU', 'C5obm2ul0XE', 'q7wxLjGS8aA', 'pdm0e_Uexqc', 'g65lN4xI85c', 'odT3ZUGiyPk', 'iEvOppVllgk', '75aCT3t7si8', 'hirb0BOQoFg', 'FPf54TFT35s', 'hAR0sZ7xt0w', 'u_39GJGO9N4', 'tRy2_T_Lutg', 'RH3jA5wkuRw', 'cYWAb06xTJ8']"
Chemistry Tutorials,"['foooNlsXhYI', '1AJ2YBCf4YA', 'V3Enem1SHKg', 'LDcW8lwM_gQ', 'IGvWr-0VkhE', 'tj4EOEiRSPU', 'mSFxK4jJh80', 'ogGCQ9pi5wE', 'lsDUHUuTi-g', 'yqehL9Fb_Q0', 'Qjcf1oWcmcE', 'ynNxiZ9SusU', '0jgRK_0nC50', 'L9fTLoZMgrY', 'j7MPKbeUkGk', 'TUV77WXnRqQ', 'tA2G2NZ_0vw', 'URJVVc2UTNA', 'hAH6io_Tcu0', '0IeL7YIkbTI']"
Biology Educational Videos,"['McWNVTrkHMY', 'nthDyn4Yook', 'jGrdWPt6wos', 'V0TYSZb-9mk', 'g4Zi3kviD6k', 'VVVUVAS3Rw8', 'mIiUcCAvVAE', 'tTPUwm82weQ', 'w95xAmvZitc', '_EQr59Flgss', 'vM-Eszm9PE4', '21kFTtJLEIA', 'cL0mP3IfmHE', 'Hw7EzYwmCgw', 'tGBoJIbSPgU', '6tp7oiWRK0s', '6-5sQlfI7z4', 'FW8hojEUKWQ', 'V7vTlVEfZtM', 'KAIWDA97sM4']"
Astronomy for Beginners,"['qYhZnyCrYF4', 'u4yOtmsNCtc', 'S3jaIFIuMz0', '48pZWbXx-Hw', 'ZbKtKg8DMkU', 'PqoC5wi61po', '65yCfKel-zQ', '5kFybtf7rls', 'i-Fiz8T9uao', 'i-GxK6Mxmkg', 'olQv7z1HxrA', 'Ktwu2ErHbO0', '30s7Sq0wI8c', 'gLZHpxFxZ3k', '-CdPDWEK1y8', '-LBjR3o81dk', 'V-dmYqoylb8', 'cQS-9zwt2bA', 'SnopNkM8d5g', '81meSTOPQ7Y']"
Mathematics Made Easy,"['DflY9vacl1s', '7G7UIQStEIk', 'e68-XmjEGvk', 'xlrUvSUunrY', '2c6fdzg_sbI', 'EQkP0h221ww', 'VULC2bdJj54', 'vRT7TRa3fDk', 'bRtJw1RikUE', 'GWFpg5pm1gM', 'RjrcoitbdTU', 'bc-OoJrrMuk', 'vAalvqyPjfs', '_skcekMpF_U', 'ZaGXR5Htf1g', 'BpLDg9gs0Qw', '-1hhKxfUjuA', 'v9LckYZY2JU', 'Jum7CSpK0_o', 'h87JMR4MvY8']"
Environmental Science Explained,"['80JP9SBKGv4', 'vkawTx92VSI', 'Jd9c-_A_JJc', 'llL9b0UZ44w', 'gXhj3Cp59YE', 'YCaotbALuKA', 'AxHTlcObBVY', 'nWhxmC4Ef7I', 'xrYiH0vTXHQ', 'mRk2liWcuRo', '8_vHt24OqUE', 'OQbz2A7f6hY', 'f5dhPuYo8LU', 'CHCiCDgqcgs', 'cllAt8kmq-U', 'G9t__9Tmwv4', 'svatf7M15do', 'tmSmdUCw0sk', 'YB5KyiSjECY', 'eeUIrUzoFFY']"
History of Science,"['VrQRFrrUsm0', 'CP_jjFRx8Pk', 'hGjhdZQI2fI', '6wLtC5_l21A', 'j7u-DoFJ7Iw', 'aGHonen2PMk', 'I0w1Jsq84b8', 'o1E4AlT4ltU', 'yANouekRJVk', 'f1TvRgZVx00', 'PONZsdONCYo', 'DdIdPc0udjA', 'SxTt3ikmNwc', 'c0OzfYgZ7ds', 'mOu3Nv5uhbc', 'SkwCr1-KhTE', '1fmnDoVzC4w', '4DrnCXDIaY8', 'RC-Png_EEhM', 'dqx9E7mlHNc']"
Geology for Kids,"['5Prp5iYFu4w', 'C77RU_1O9Tc', 'VU5_D_LwAhQ', 'TGHBgrihPSk', 'Yj2GcFgqTlc', 'jcwPnZ2zMCg', 'CXw1kg0rnJI', 'QTpo6IEqYLY', 'YqJqgLvrwp4', 'jTygAAYWoso', 'ocIFrOoF3VE', 'YSVOrjOm2Fg', 'XMjkO72KVjE', 'ZuaDAA2iGc8', 'Agb1nBI6e30', 'pJcNC2-zjiI', 'OiXSL3W7Rzg', 'odz4vJ1T36o', 'RV6tn6TO-OY', 'r8b3f2MNlMk']"
Space Exploration Documentaries,"['7vaVTjC4vJk', 'JnWJpGkLXtQ', 'R18q4F6Lqnk', 'HTHj_pvEYYE', '937stSQMr64', 'ZccCzvpjfJ4', '4L-jk7HCcnc', '-4Q8a3Tmbdg', 'lz6q5OvX3-E', 'mMGiYQPBaVk', 'eYdvnlNhfYE', 'p2CVaGPdZjM', 'udzaNR8o-48', 'e7oLtaZIVaE', 'ZWGP0QugjcQ', 'cYwisxS-3kg', 'Kv0wPEqhGV0', 'l0JHnuJtOvM', 'O1UgmAOdLJc', 'i-GxK6Mxmkg']"
Computer Science Lectures,"['XiRImCPhhqc', 'ReQdX04S00w', 'WO7wT-FX2mA', 's9F8pu5KfyM', '1Lcjh2Dv27A', 'EHWqOUzFSxU', 'YHR_YB1i5-c', 'pe2wrir0jJk', 'qECuHngZOKo', 'hoVe5RZUFZw', 'cY0FtXE-JzM', 'CNFK86hJRfE', 'Hsi8WsN3nFc', 'LBDU5awKa7k', 'v3NXiNOk9uc', 'KvCWQ0x8NQg', 'P0esWKtP5IY', 'Cwb9_4YdNyQ', 'yLOqh9Fr7uU', 'I22NLaqJ5ZE']"
Science Experiments at Home,"['HJ7tMgAtqD0', 'wwq6sO7WIeE', 'sqw2qt6kaSc', 'NyFXCPmEIDo', '0Q22b8ZBBVk', 'xW-NSiIzZlw', 'zlrKd7aLY8o', 'J8Vu4w7nfBU', 'cbAKmCHabeo', 'n8eZowYntyg', 'GK6_CirNv5E']"
Educational Science Animations,"['uGCexyr4IYw', '3orWfFItbhk', 'X4PKVVRc3j4', 'Bj6P0EKQrOg', 'Kh6W7ibBvBU', 'S0d0eIqaim8', 'm_IBnmVrXJk', 'mzJSWX2azCQ', 'aRHVsyfyPuQ', 'yaa13eehgzo', 'VkF8PG7eLUw', 'TZhNWjJ_i6s', '01vRuauW87Y', '9T0iGl1mVCs', 'FHNP4oPiAPE', 'qJuV_g7Xw3A', 'hWWPUIK3xZ0', 'ny0YdAGLHqo', 'DSIdaTSG2Gg', 'NuxOlyJ6OWc']"
Learn Genetics Online,"['E_TAHxPBqKY', '1ThNnuSuZC0', 'BKAUS193YlA', 'epvBh4ZBEV4', 'iAT1TrQDyas', 'g9wCYqhmhnQ', 'QKHoXwLe5nY', 'lZqF1Xcz7_0', 'K1ip9H2BhTk', '8RY3XW_WTMM', 'pUdZDeYEHko', 'K8z-XRzar0M', 'ofz_LJ7iKK0', 'KRAUpmSkatY', '6wMV81a58E8', '4OC-kAOK3CU', 'JpUOoDFAF2U', 'j_3TbA9EVaA', 'v-8rdBxW3_U', 'fP8Tyv6JjhU']"
Climate Change Explanation,"['QUCT90DyBh0', 'pZltfqH9Oe4', 'M9B75shO18M', 'G9t__9Tmwv4', 'dOI6Ivr0xjg', 'qPtElXngMSg', 'qoNRZKgLDhg', 'Kpya7-slQzE', '-NZIvvhGlR0', '9nXYslEDVNU', 'myZAvqqp9Jc', 'znNb9XLR--M', 'H5PNK5FIqFg', '_w21yS4A2ws', 'd4BFgtU0hJU', 'i6pO5YioZjA', 'N3CNFRNxmCs', 'uFlLDcppwpI', '9cvH2yniHu4', 'Rp5VI_OHyX0']"
Robotics and AI Explained,"['QF-Vu93C4m0', 'htjRUL3neMg', 'Sa4XaSA-9Us', 'SgE6D--y_3o', 'aqXK7WyjJ7E', 'Cwb9_4YdNyQ', 'DB1027Bfpmo', '-tb5OoNu1-4', 'IPmGFK065Mc', 'c0m6yaGlZh4', 'RzkD_rTEBYs', '2aTKpV-1l2w', 'HMjPZlQAE0E', 'DuK45BNfnIU', 'QWpOGfg8O00', 'rnuMTIKSCKI', '_inbcukQrpU', 'CSpdEc3sTnE', 'wGWVKkYEHBE', 'qzFaCdgY4G8']"
Neuroscience Simplified,"['jpkyFENMs_Y', 'Z4jiG1cBHec', '3Bt8b-VELYE', 'tEBsTX2OVgI', '_u90FXjwdm8', 'd2lRMlp-LZs', 'xNY0AAUtH3g', 'BJshegpcFv8', 'C7PYRuggQng', 'S4PRRYlrzUc', 'FOk8komBvVM', 'rtsfTUwY4aQ', 'F5c-JzqBH4A', 'Wlj3Y2ggNn0', 'UK_tzmNGhsc', '8brbjfNX8ck', 'em2fEsjxxbE', 'hBtsbEboyfE', 'ebmi-UMascE', 'U9BicEvAzSI']"
Evolutionary Biology Insights,"['40iz2GQtwGo', 'UrUFvHn_ZBs', 'QaOAFsbk4mA', 'JCyggVmkfjg', 'OLYhmfJEJ3I', '4-9UYUA2MeU', '9wFyFiyZgHU', 'Ceu13UyRFB8', 'QNr3fn_O6Ko', 'vvwDm8KlVlA', 'eqJODQIGV0k', 'C0WVXLM0qzY', 'GELq2WHv5Po', 'Y7wzxRxnxUo', 'vBI7ST8GZvM', 'QS8bukoLJTw', '5VoTacFzvGo', 'BbaZNLePWmw', '1GMBXc4ocss', 'RKy2R32XM6Q']"
Math Puzzles and Challenges,"['rK6kt8RmFbc', 'TBLeJ-ro2Hk', 'QxAZ6ofJQfA', 'rWRfn-j5nvY', 'qmCst43EFXg', '92a2WrnU28o', 'md0FdQOudqw', 'PVFwUGE6mBU', 'rjFjw-DuvsY', 'zd3ehQwzYy0', 'sCwbP-Rx9wM', 'GPJYL8g1ycg', 'TpITmBZrrRw', 'AE5N66NAusg', 'JRjqIs7Y2YU', 'dKaM3Fv8684', 'cfxdHmxv6a8', 'qA4MykAXDF0', 'gaDiyWowbUc', '3jnbBVpOf40']"
Chemical Reactions Demystified,"['EaGDdTKFTHY', 'AtqxpFCKON8', 'jC5fNifIOQU', 'oL79hzSaoMU', 'im4kNOYGvlk', 'P-8x3lfvxUI', '64wtftXi7co', 'BKUB4P-wTd8', 'rYXQ7E2t3JQ', 'ZOhUQnb4woU', 'ieFD-1iHpBw', 'jPoVQwNweuE', '0mnmCeFVhtc', 'MWijoHGxqew', '6rHHh9Cg9YE', 'h9hQpK8w-ZM', 'lLf0xaejY14', '06jVEERFW-0', 'fW619uZaC3w', 'zC3L-JDQpoc']"
Human Anatomy Lessons,"['HxZr2iHG-Ps', '6wMV81a58E8', '9018sDL_PzM', 'u9EovscX4NU', 'NcKZgp9Hu24', 'WIz1ygt2xZs', 'oDCkFN-J-Fw', 'uKUlZJMXS_g', '1o_L9y7Gk74', 'k2BvGik8w5Y', 'm71SSEDWSpM', 'sGjVs2p9QrY', '_fNa4eP7Xj8', 'X7ikeBHDfQY', 'U0UhiMgMvKw', 'HbdnIfD1jWE', 'T8M4MAoUPgE', 'vIeWYF2Ztgg', 'Kqqd8gIZ0iY', 'OI8i-UHddp0']"
Exploring the Microscopic World,"['tZZTUTUXcZM', '4G6jNQU2YzI', 'CpK3pkH2WtM', '8IAAimtPRKo', 'iiaK_lcnqgg', 'go4ng5OORL8', 'Hv7XFq2zcRo', 'KZLbOQFmNwg', 'b39GymXBuIk', 'KhoNQ1Ell50', 'f2--GmvcZ-8', 'XqCVO5Pgw_0', 'AZiFxVQ7QK0', 'ZvJSrXddLrE', 'jztiagabCwM', 'LSi3ttXlqLI', 'AJ_i9keDhAA', '7RpSmk34tio', 'od5CHLEhNto', '6zMTmJYYRcU']"
Earth Science for Students,"['QsvwswQl6Vo', 'x26t3gVh7Lk', '6gFMIBx_o44', 'zzYMzSEWS6g', 'oMIX4cz9X0o', 'hi2oamo4DGY', '93S8HKjmGLQ', 'ma4rESACr1A', '7vwk-3A0b0s', 'fBREe61QquM', 'Y42mXi5nCKI', '5Prp5iYFu4w', 'TlfE-5AZOlc', 'f5dhPuYo8LU', 'JGXi_9A__Vc', 'LNv4y3wPQA0', 'hoVe5RZUFZw', 'eTZti4mGRFA', 'HWuCf3A0maY', 'OyvTUMFwBNU']"
Astrophysics for Enthusiasts,"['of3drMjYFGA', 'Fz5eHJSIqqc', 'olQv7z1HxrA', 'M30Hb9eH0so', 'ZgEdG-MrWjg', 'mHchDkGf3mI', '61gzRkId8Tw', '-8ex9XdjJdE', 'dZ81SJ4Bc9A', 'uDGz4SGZvYU', 'EysVhq62624', 'c5YR7qXVNLg', '7m8ZT5jy_kM', 'VNmgSvZ-sJg', '9wqiIm-1ZVk', 'wY-qdV0u9sM', '5DpKBgc-I0M', 'm4xzb8cJZAw', 'L0aFB5CsGvc']"
Historical Scientific Discoveries,"['qOOH9cW6wOY', 'NPhO7oFh1gI', 'GM0O3X-f4To', 'vup_pljAXgA', '2ptJHOeQ7ng', '8CbkGF8bZlE', '6czN5caGFjI', 'Vg3WIT-oW2I', 'd8BvVSk8v1Y', '7SZ5ewUujow', 'MwWZwlBlamw', 'q_1Jnd4Ai6o', 'fMGjd9CE0RM', 'CLLhsI8fmbU', 'hLC4ePJ7bH8', '1ng2vBvb7Dg', 'kPBVAb0b8Fc', 'RYRkgvYdNVc', 'v21IgAc79Ss', 'vs8KX-0gOTY']"
Environmental Conservation Tips,"['pHbhwofQgg0', 'nTcFXJT0Fsc', 'LAXvWKv0yvA', 'OjWp29jO58Q', 'nWhxmC4Ef7I', '7TVXzZZG_nc', '9DgtpPFSUrg', 'lAzkdZGAth4', 'XYBlNsAbWHA', 'jNixy7C7q10', 'dXPda8SZyNY', '7Xvl1A7cDqU', 'B8nrdBw4bXE', '73_gQpGLpT4', 'f5dhPuYo8LU', 'i3FaLkc3s5k', 'EJFbhFhcMNw', 'kVDexLMIGV4', 'l0aKi8npp5w', 'S_B30tDHCpU']"
Computer Programming Tutorials,"['g9fIWtSexLs', 'zNq4dB2FzcQ', 'UVxhEk3ph5w', 'GzvKRGBcun8', 'gRzFHNDiCuo', 'WO7wT-FX2mA', '9BvBRXkJA58', 'nvsUygpBSR8', 'ZTavfFXOTzY', '25RdTDN2Trg', 'yLOqh9Fr7uU', '746mfQalS48', 'RyRo8eVsrlU', 'R6O2qWTKhPw', 'DZjrmtFUsrE', '9s29LKfEFjQ', 'JgP5IVMXPqM', '66tfvFeALBQ', 'wvqbKGZOSVg', 'eB74q6XqLu0']"
Science Behind Everyday Life,"['6vW8DRjHkPQ', '0RrNwu5zToA', 'Ee2AeKP2bpc', '1BYKZEEOYmQ', 'f84O5XFdgXE', 'hvtNJHbffik', 'pdm0e_Uexqc', 'mMaTC-Z1QvY', 'upi_HU4yza4', 'BG8SONvb-iE', 'tBwFRnTzcYY', 'u8cKDy4jwUM', 'Bbq6dBPG9n4', 'RC-Png_EEhM', 'SsIi7HCm5Oc', 'bFIVYRfyb3E', 'wwq6sO7WIeE', 'TbONbyZaLXk', 'hBO-d-nPu3g', 'RmR1N7tQxKE']"
Science Communication Tips,"['584mrO0EVqE', 'h8ZJSAyJ_bQ', 'N-VHewPgPP8', 'nNNTDenFS0M', '0p4_k1i5Vvc', 'oTvRlbIOMzg', 'I6IAhXM-vps', 'rgbR5xmnSYY', 'IoPcXf5faZQ', 'rLAkuK4vbuU', 'dhnzaW3h_yk', 'ovDH_o9I0Jo', 'D4ideJ2RrSk', 'uT_4u5O1TNM', 'Ipq9LMzTCT4', 'cFFS7nuQJEE', '172Rat6urds', '7fwx6sU1Mjc', 'iBi8ImVC1UE', 'mGX2buCGuHM']"
DIY Science Projects,"['EQJzzhsPL4M', '0Q22b8ZBBVk', 'DVmCFQlGeqc', 'VrHPtzuhoI0', 'HJ7tMgAtqD0', 'lG7995Qls6o', 'f5dhPuYo8LU', 'xbob-J74Ih8', 'JMH3t5md2wM', 'NyFXCPmEIDo', 'IPhARlUO6NA']"
Famous Scientists Biographies,"['ZFcrtt2dD6Q', 'nqUHTdYCwIs', 'ySiArrrR-7w', 'GfSMV84EbgE', 'Pb4tUIGVUzw', 'sFIX2AdwWB4', '1ng2vBvb7Dg', 'gnKnt15o7j4', 'Hox8is2FmIA', '0zk-NVPYPWk', 'DPLmBuF3Xlw', 'cv_zngyS0E0', 'TqOeP81DsTM', 'uCmQZJnOgzc', '_7pWP89C6rg', '4KJoqyMmLZk', 'OCYol3v7W8k', 'PSVkTG10tfI', 'KHwy2iF9VYI', 'pQeKOCLM5qo']"
Provocation,"['4QP5CvHB1s0', 'JfVDLz4Q_gM', 'xpCJST-c-dE', 'OVTjX82lAfY', '4ChtDj7GpIc', 'qJU8I4KWpJs', '06YOF1p-2Xw', 'SQYkxbDVxGQ', 'rNrqJHlRLFc', 'CMWfkTnuMDA', 'Av_k_MbXMz4', 'KRE8YcPCwQM', 'YDclxpQaAWI', '4dt5H79FJX4', 'MH2s6J4m2RE', 'oA1gyozSigQ', 'ZWBS2ZAoAUw', 'AErkAx9w2ec', 'eE4SmAhCUGM', 'upg-JPfGr5s', 'bHjXtCvz82s', 'p6boLw5twbw', 'PiaGNnJVBmk', 'Y3jPVztx_yg', 'JeXH8sT_e7g', 'rCCo17lXM6g', '7QJ7h8NJ8Kw', '_ph2Fll_Nis', 'd7UkdhzlN2A', 'jNhUS4cxBew', 'x5RGm2x0U2I', 'DFSqpKJbmDc', 'w74XPTu9yxA', 'BQMMJdvp7Cc', '0BnDoOrwaDk', 'DpAi90HgldM', 'yd21bQKjW0k', '2-HvVS8doNY', 'yANYx4LgqOc', 'eKJ-fXAMOV0', '6BEymz8RCn4', 'F99sd42_BCM', 'Lh7DG99QxQU', '8jDSZIEMTqE', 'ZMVX6LBwgVw', '4a9iaCFOZPU', 'PaRu2-kskMg', '69mpoGP-k74', 'AVYnHa26OZI', '3Gy9nCPRPII', 'DpAi90HgldM', 'yd21bQKjW0k', '__AUATL568k', 'yqs8_-S3T7A', 'zs895uTTdYI', 'yANYx4LgqOc', 'DdApl1W5Nnw', 'eKJ-fXAMOV0', 'F99sd42_BCM', '6BEymz8RCn4', 'zcaiPR2SZCw', '8jDSZIEMTqE', 'ZMVX6LBwgVw', 'PaRu2-kskMg', '69mpoGP-k74', 'AVYnHa26OZI', '3Gy9nCPRPII', 'tx4TNfBP8fU', 't4Qy5L-GxkY', 'Yq-GM9OBJNk', 'iRAEcvolFT4', '3g1mj3CWHKc', '1gp1kPkv4hk', '74WC8VGMkyw', '8nmINlK2x5I', '21UboHkRZzI', 'v9QvQJTkurg', '_ZTlWXHTfzk', 'xBZVIoFc6M0', 'Mx7kH6LPhFA', 'eKw4PkoKJ7E', 'Q1HlEicr1zE', 'X5cTyStuAUY', 'Bmj077kZUYI', 'p9k-i1nvPYQ', 'aAAG75tv81E', 'M_mp3L-jE_o', 'cth8_JLmZIM', 'UZrGvkBQoPQ', 'gfoZgj4_xDU', 'Q5hwLOPcJ0E', 'M6J6Rm18-po', 'eEvbat_eDDc', 'Ys49Zm2JCyM', 'lVPAh8DRHFE', 'OvtTuQAm6ks', '-zbnPuzBdNs', 'fGqvlG5bE6I', 'LnB6C8-Yaak', 'q5ZmcUlYsos']"
Sexy,"['9JTSkutgV4U', 'ATx-hlfK9o4', '71fp9OHBsc8', 'tfSoHecAcqI', 'A8ZWqpTJtsk', 'lThaG-9QRxg', 'N8ubEWpPfeE', 'HwnXVOjLIjQ', '9bAAukwNRZY', '2eFOqAIcvU0', '8QZUCsZRxPo', 'VSE0WKEBrqw', 'rz3tHGFg6DY', '-4wZBAW8FUE', 'ImjWlnUvlOo', '6WrOD-akoFQ', 'gckYpmfcR58', 'J3jKS97SdoQ', 'WmOmUhHVyYA', 'UHQWx-Up4Bg', '8a44IclZUZo', 'zzwdT1nTpgQ', 'dTPk-9eVCWs', 'TWqDYYQCaFM', 'pj2QEBfaYNs', 'hchS8yQhmDo', 'oAktZRyqCeI', 'pGSJd83mOVE', 'AWwm04ASzmI', 'A2ZLjI9BADw', 'Kw97w3tJY7U', '9yv6ln_-l3Y', '2Wa6optKrZ0', 'h18vL7RuZHA', 'IXalAjCHHgw', 'MznKjPJdGbg', 'XzpKkVVzfzs', 'xoTDwh2rY9g', 'PyPeiSdCeT4', 't6sgkIwY3Ts', 'pJZAzqmYA7Q', 'IMSi0595U1c', 'ZblVEB9GwEI', 'GtKNpmUmeiQ', 'lDTjR8CUr6c', 'ut0FkaO7GGI', '6vbWuvH3TiE', '7UtdnGTltBk', 'ex3ffaO2jHU', 'mWQ2r4hoRJE', 'mWQ2r4hoRJE', 'dILa8xjxIyc', 'DssOINODtZQ', 'IzDRZi_9cJQ', 'XXsF50Kr1zs', '0NiquXlIbjI', 'J9dUup2JB7E', 'Ia3rddIA0JM', 'iB5Wh6KMLGI', 'RXLvqQqugv0', 'DuZF0npNBC8', 'v1Vgv9A8ZnM', 'E2OGsiVd4hc', 'cMp125aW_zY', 'AsN6VtucUjE', 'xlXdUUwhmTk', 'Pwkf7-wi6G0', 'pQx1tSkz5NE', 'bmH25NZ6F24', 'HDr5FOY9Xv8', 'ctTNoZt1cZQ', 'vJNml69qw1M', 'qYzVD3_mWBA', 'Qx5q1WNV_-E', '1KV2RJxFOzw', '8o5FAmz9Z_g', 'XwggHeN-yCg', 'a_Pj6Ah3rDA', '5niL_rKLIbg', 'a-FD88I55Vo', 'KiqvRuCUZrA', 'n0jelYJLmqo', '6US97KDLPQQ', 'VJ5zL9cj3mo', '24LtcBzoIPE', 'Z55YH9gwjf0', 'bZLHMFbh0-0', 'DZHC0ltTgp0', 'hDf0NL5-AjA', 'RujJnmB9ksE', 'MmJ_ewyZg_k', 'LS7lCRbkkPY', 'VTEsa1vi8HM', 'dMqUucyAFlQ', 'b7PB61b6r8A', 'n3d1KYzi7iI', 'AFUFkldnPeM', 'yExz98gSIB8', 'ccXIOf_sC1A', 'be4ns7vfZDY']"
Sexist Joke,"['R1ENVua_zcQ', '_RiXWwbG5GQ', 'VbJCDHtrGEI', '8zm_4eShsSQ', 'XqnwQKLe--8', 'w5MmdvKOcig', 'snfU14YiI9A', '8LYfl9_7y30', 'syd4NaYF6rs', 's9qmwAhkzbM', 'h-GkM7vTvKo', '5tB5gXREX4A', 'Kz3M_kw6oGQ', 'NwKF3Q2vico', 'sZMOppjh830', '5JHATnLuyZI', 'fSOSlSnSOD4', 'eEAQ2isC4WY', '5-e_pPWBu5I', 'BsDFzV-Hpsw', 'U9CpfqpKTa4', 'OubN_CUX-Yo', 'H4HsvYvtAmw', 'tWDb0oongzc', 'PodZiWF71M0', 'OC1Qo6vm1eQ', 'nJhM0d3v01w', 'rFxbaF65FF8', 'Temz_XQGNA0', 'xkJLSE-Fiyg', 'bPp6JQe0Z2A', 'qz91smv1cZ8', 'mpWPjYhzcag', 'FGDJXCnJmB8', 'S15r3MTV8Kc', 'HwnXVOjLIjQ', 'OTpSsMLWI7o', 'XhA4BU6ic3k', 'E0VAFJ_Aqfo', 'aknKVVzJd4c', 'nAQf_s_wEEY', 'mYKoSBzknBw', '-YsNkKAYM1w', 'itIHQKOuz3A', 'HaOoOLlhmRA', 'gdJM3rn895o', 'yPY7G6-PYqM', '61QTuEN7hNg', 'tz8e7tDxAVM', 'tLe9sj9M3T0', '-rGz2rfWWlg', 'Gw3UCX1XJHc', 'uPIDA3jDQFo', 'Exdufxmz5aw', 'ILfC2owPiQQ', 'tIKXS0sGigQ', 'lqL-2F4dSg0', 'A0DK9RD9R_g', 'WFElKQwTws0', '0nzGuzmZgW4', 'rvbnwEJAgUY', 'xXuMxH9gLC8', 'BG8u1EIqC-I', 'C4K8fc5Pnlc', 'oVZhrdMXRs4', 'EsOStRQc9KE', '8TS3VEj-2nU', 'flnETACHwUU', 'ZJkfJC15_OE', 'KgVy0gSKrsY', 'QMloyz8kXUI', 'JlXNGprnjYs', 'AuTxP4YTpH8', 'OIibXW2JS3A', 'VK3VQELZ4TY', 'fGLDMZ-jJfQ', 'pbGe8gg3xig', 'dXZBasjjOZc', 'U0lWUuNUL9I', 'KjPvX6ufUp8', 'awnq-2Rc7-c', '6acLTVTO1F4', '2Qh1MJlsMrM', 'oBW8ysI5fdI', 'l5vMOdIYKeg', 'A30nr-_cW3w', 'Ch-hwFB_ix8', 'ehyriQDWv4s', '8lOClOhD6Ys', 'YzFSkWozYDY', '-JY_5r4WURI', 'psNBxXWDclM', '0acRhxIkEyU', 'j18SwdutMVo', 'xy8eeohKY9I', 'PwwdZ-ldYDo', 'cam1Ge4HXNs']"
