Video ID,Video Title,Channel Title,Transcript,Duration,Words per Second,Top10 Comments,Category,Custom Query,LLM Summary
l9_8_pDTmis,"b'Furthest Away From Me Wins $10,000'",MrBeast,"whichever one of these three people can get the furthest away from me in 24 hours wins 10 grand let's go oh yes sir start the timer I'm winning you s let's go as expected they're all blitzing to the airport and almost there are you trying to beat me right now you're not going to beat me Julio and Blair are just beaming across the planet as for Austin headed to Disneyland right now and I'm getting a turkey B I just don't know what he's doing Julio just landed in turkey and Blair's on a boat in the middle of the ocean I'm not sure who's going to win hold it on for Z life let's go Blair you made it to Hawaii which is 4,918 MI away from me jio you successfully traveled 5,262 Mi away from me and got the dub yes sir I just want TK baby ",96.84,1.579925650557621,"['Bro the guy at Disneyland was super smart, since its all expenses paid he probably spent way more than 10 grand', 'Julio spent $10k to win $10k ü§£', 'Bro went on an all expenses paid trip to Disney landüòÇ dude knew what he was doin', 'Austin didn&#39;t win the money but he won our heart. üëåüëåüëå', 'T√ºrkiyeye gelmi≈üken adam hem gezdi hem para kazandƒ±‚ù§‚ù§', 'T√ºrkiyeyi g√∂r√ºnce gururlanmadƒ±m deƒüil &lt;3', 'They need to give that guy who went to Disneyland a participation award', 'Adam T√ºrkiyeye gelip √∂d√ºl kazanmƒ±≈ü biz elde var 0 üòÇüòÇ', 'Austin is just a legend, he went to Disneyland instead of winning 10k.', 'The guy who went to Disneyland is a legend']",Entertainment,"You are a copywriter, create a 100 word summary of what this Youtube Short is about. Provide a neutral description. The summary should describe the overall atmosphere and pace of the video. It should also highlight important events from the video. Do not include any statements about a viewers response to the content or the overall viewing experience. Output the raw summary text.
Title: b'Furthest Away From Me Wins $10,000'
Channel: MrBeast
Transcript: whichever one of these three people can get the furthest away from me in 24 hours wins 10 grand let's go oh yes sir start the timer I'm winning you s let's go as expected they're all blitzing to the airport and almost there are you trying to beat me right now you're not going to beat me Julio and Blair are just beaming across the planet as for Austin headed to Disneyland right now and I'm getting a turkey B I just don't know what he's doing Julio just landed in turkey and Blair's on a boat in the middle of the ocean I'm not sure who's going to win hold it on for Z life let's go Blair you made it to Hawaii which is 4,918 MI away from me jio you successfully traveled 5,262 Mi away from me and got the dub yes sir I just want TK baby 
Comments: ['Bro the guy at Disneyland was super smart, since its all expenses paid he probably spent way more than 10 grand', 'Julio spent $10k to win $10k ü§£', 'Bro went on an all expenses paid trip to Disney landüòÇ dude knew what he was doin', 'Austin didn&#39;t win the money but he won our heart. üëåüëåüëå', 'T√ºrkiyeye gelmi≈üken adam hem gezdi hem para kazandƒ±‚ù§‚ù§', 'T√ºrkiyeyi g√∂r√ºnce gururlanmadƒ±m deƒüil &lt;3', 'They need to give that guy who went to Disneyland a participation award', 'Adam T√ºrkiyeye gelip √∂d√ºl kazanmƒ±≈ü biz elde var 0 üòÇüòÇ', 'Austin is just a legend, he went to Disneyland instead of winning 10k.', 'The guy who went to Disneyland is a legend']
Category: Entertainment
","In this YouTube short, MrBeast challenges three people to see who can get the furthest away from him in 24 hours, with the winner receiving $10,000. The participants race to the airport and begin their journeys, with Julio and Blair traveling internationally while Austin heads to Disneyland. As the competition progresses, Julio lands in Turkey and Blair takes a boat ride in the middle of the ocean. Despite their efforts, Austin does not win the challenge, but his decision to visit Disneyland earns him praise from viewers. Ultimately, Julio wins the challenge by traveling 5,262 miles away from MrBeast."
QYEfTly0pTE,b'We lost contact with ATC over the ocean! #aviation #atc #airplane',Fly Me to the Fun‚Ñ¢,this year we flew our Cessna 150 1800 miles from Atlanta all the way to St Barts on the leg from the Bahamas to Turks and Caicos we encountered some weather and had to descend to maintain VFR but in doing that we got too low to maintain contact with Miami Center so we had to do this to stay in touch at first uh 893 Miami Center would like to know your altitude and position around the weather we're going to relay that to Miami Center for you all right Roger we are 6.6 miles Southeast of Mike Yankee Charlie India we're on a one two eight heading maintaining bfr at two thousand and ground speeds currently 70 knots Miami Center Spirit Wings eight nine three we have an update from November 22318 there are currently 6.6 miles Southeast of Mike Yankee Charlie India at 2 000 feet heading one two eight they're maintaining 70 knots ,110.08,1.4353197674418603,"['Nice! <br><br>It‚Äôs always nice when the big guys help out the little guys. They were there once too, I‚Äôm glad they remember that. Good looking 150 btw.', 'Spirit pilots probably cracking up hearing 70knots üòÇ', 'Airline pilots can be a massive help if you need them.  If you can hear them and you can‚Äôt hear ATC tell the airline pilots and they can get a hold of ATC for you.  Happy to do it!', 'Gotta love the professionalism of fellow pilots üá∫üá∏üëç', 'Spirit has now gained my respect... not enough to ever fly with them, but this pilot is nice', 'Spirit pilots: The Cesna is taxing, maintaining 70 knots', 'Ain&#39;t  no way i would fly a 150 that far or ocean.', 'Pilot relays is always an option in odd situations like this, no one should be afraid to ask another aircraft for a relay, especially since most pilots would rather do that than hear ATC constantly asking you stuff over and over with no response.', 'idk what it is about planes relaying messages but I always love to see it. I guess it&#39;s easy to forget these big metal craft have humans in them, like it looks lonely, and then they start talking :3', 'Man, Spirit coming in clutch... For once-']",Travel & Events,"You are a copywriter, create a 100 word summary of what this Youtube Short is about. Provide a neutral description. The summary should describe the overall atmosphere and pace of the video. It should also highlight important events from the video. Do not include any statements about a viewers response to the content or the overall viewing experience. Output the raw summary text.
Title: b'We lost contact with ATC over the ocean! #aviation #atc #airplane'
Channel: Fly Me to the Fun‚Ñ¢
Transcript: this year we flew our Cessna 150 1800 miles from Atlanta all the way to St Barts on the leg from the Bahamas to Turks and Caicos we encountered some weather and had to descend to maintain VFR but in doing that we got too low to maintain contact with Miami Center so we had to do this to stay in touch at first uh 893 Miami Center would like to know your altitude and position around the weather we're going to relay that to Miami Center for you all right Roger we are 6.6 miles Southeast of Mike Yankee Charlie India we're on a one two eight heading maintaining bfr at two thousand and ground speeds currently 70 knots Miami Center Spirit Wings eight nine three we have an update from November 22318 there are currently 6.6 miles Southeast of Mike Yankee Charlie India at 2 000 feet heading one two eight they're maintaining 70 knots 
Comments: ['Nice! <br><br>It‚Äôs always nice when the big guys help out the little guys. They were there once too, I‚Äôm glad they remember that. Good looking 150 btw.', 'Spirit pilots probably cracking up hearing 70knots üòÇ', 'Airline pilots can be a massive help if you need them.  If you can hear them and you can‚Äôt hear ATC tell the airline pilots and they can get a hold of ATC for you.  Happy to do it!', 'Gotta love the professionalism of fellow pilots üá∫üá∏üëç', 'Spirit has now gained my respect... not enough to ever fly with them, but this pilot is nice', 'Spirit pilots: The Cesna is taxing, maintaining 70 knots', 'Ain&#39;t  no way i would fly a 150 that far or ocean.', 'Pilot relays is always an option in odd situations like this, no one should be afraid to ask another aircraft for a relay, especially since most pilots would rather do that than hear ATC constantly asking you stuff over and over with no response.', 'idk what it is about planes relaying messages but I always love to see it. I guess it&#39;s easy to forget these big metal craft have humans in them, like it looks lonely, and then they start talking :3', 'Man, Spirit coming in clutch... For once-']
Category: Travel & Events
","This YouTube short is about a flight from Atlanta to St Barts, specifically the leg from the Bahamas to Turks and Caicos. During the flight, the crew encounters weather and descends to maintain visual flight rules (VFR), causing them to lose contact with Miami Center. To remedy the situation, they request assistance from nearby aircraft to act as a relay to communicate with Miami Center. The video showcases the communication between the pilots and air traffic control, highlighting the importance of teamwork and collaboration among aviation professionals. Overall, the tone is informative and professional, with a focus on safety protocols and effective communication during unexpected situations."
jYJTPqU66IY,b'How to renovate your private jet',TheJetBusiness,I was going to say like what's a turnaround time for the change of an interior and also for example if you put half a million into renovating the interior there's three things you could do to Interior the soft goods which is all the Fabrics whether it's the side panels the ceiling the seats the carpet that kind of stuff then the other part is the color of the wood and then the other one is moving furniture around to move furniture around is very very expensive they have to redo engineering drawings I mean literally on a G550 just to give you an idea if you wanted to change this couch to two chairs it would cost about so I guess just to keep the configuration the same like but change the interior color scheme Leathers stuff like that well if you want to change this airplane let's say you know you like the color of the wood now you see this is a light color wood but if I go at this other one this is a dark color wood you see now this color is sort of like a medium so if you can Envision and what we do if you wanted to get an airplan this we usually don't look at the colors okay because that's the worst thing and people do it they buy a plane because they like the color of the seats it's nuts ,118.28,2.05444707473791,"['You know it‚Äôs a huge number when that was the longest beep you‚Äôve heard in a while', 'It would cost you about ‚Äú400 thousand dollars‚Äù', 'This is a true salesman. Provide information, guidance and perspective. It‚Äôs so true people won‚Äôt buy houses because of the color of the paint!', 'Sure I&#39;ll keep this in mind for next time I&#39;m buying a jetüëç', 'Whoever made his suit needs to be sued üòÇ', 'Why is bro dressed like an anime character with the strings hanging off him', 'He ain‚Äôt buying no jet‚Ä¶', 'Good to know for when I need to renovate my 8 private jets', 'The salesman is cool but Iman has more estrogen than a transgender hospital', 'this is like an 18 year old going to a car dealership to window shop üòÇ']",Travel & Events,"You are a copywriter, create a 100 word summary of what this Youtube Short is about. Provide a neutral description. The summary should describe the overall atmosphere and pace of the video. It should also highlight important events from the video. Do not include any statements about a viewers response to the content or the overall viewing experience. Output the raw summary text.
Title: b'How to renovate your private jet'
Channel: TheJetBusiness
Transcript: I was going to say like what's a turnaround time for the change of an interior and also for example if you put half a million into renovating the interior there's three things you could do to Interior the soft goods which is all the Fabrics whether it's the side panels the ceiling the seats the carpet that kind of stuff then the other part is the color of the wood and then the other one is moving furniture around to move furniture around is very very expensive they have to redo engineering drawings I mean literally on a G550 just to give you an idea if you wanted to change this couch to two chairs it would cost about so I guess just to keep the configuration the same like but change the interior color scheme Leathers stuff like that well if you want to change this airplane let's say you know you like the color of the wood now you see this is a light color wood but if I go at this other one this is a dark color wood you see now this color is sort of like a medium so if you can Envision and what we do if you wanted to get an airplan this we usually don't look at the colors okay because that's the worst thing and people do it they buy a plane because they like the color of the seats it's nuts 
Comments: ['You know it‚Äôs a huge number when that was the longest beep you‚Äôve heard in a while', 'It would cost you about ‚Äú400 thousand dollars‚Äù', 'This is a true salesman. Provide information, guidance and perspective. It‚Äôs so true people won‚Äôt buy houses because of the color of the paint!', 'Sure I&#39;ll keep this in mind for next time I&#39;m buying a jetüëç', 'Whoever made his suit needs to be sued üòÇ', 'Why is bro dressed like an anime character with the strings hanging off him', 'He ain‚Äôt buying no jet‚Ä¶', 'Good to know for when I need to renovate my 8 private jets', 'The salesman is cool but Iman has more estrogen than a transgender hospital', 'this is like an 18 year old going to a car dealership to window shop üòÇ']
Category: Travel & Events
","In this video, a salesperson discusses the process of renovating the interior of a private jet. They explain that changing the interior design can be expensive, with costs ranging from $400,000 to millions of dollars. The salesperson highlights three main components of interior renovation: soft goods (fabrics), wood color, and furniture movement. They emphasize the importance of considering the layout and functionality of the space, rather than solely focusing on aesthetics. The video provides valuable insights into the world of luxury aviation and offers practical advice for those looking to customize their private jet interiors."
dBsomKKHhtk,"b'When you finally meet the ""work wife""'",Viva La Dirt League,oh it's my w wife oh the the infamous W wife hang on I'll introduce you I've meant to introduce you to Ellie oh my God Ellie hi so nice to meet you I've heard so much about you to it's nice to put a face to the name where's my prob good morning oh hi uh what are you doing what why did you kiss her because she's my work wife I'm your wife are you okay Ellie no not really you're kissing my husband he's my husband too he's my work husband that's not a real thing well our work marriage license would say different you got married yes I told you that no you didn't how was it even legal we just came back from a honeymoon what are you talking about I I told you I said we went on a honeymoon to feij you I thought that was a continuation of the joke I have been nothing but transparent with you and now I feel like you're making me out to be the bad guy transparent is not the word I'd use ran I even told you well in advance when we took out our work mortgage wait now so you own property together like I mean what else am I missing Daddy hey darling son son yeah it's our work son ,120.87900000000002,1.8861837043655223,"['Dude went from not realising he&#39;s married to having two wives.', 'If my husband ever referred to anyone as a ‚Äúwork wife‚Äù we would be having a work funeral.', 'The fact that they have a work-kid together, but only just got back from their work-honeymoon, means they&#39;d been work-banging for far longer than they&#39;ve been work-married.', 'She still has to meet his store wife, bar wife, church wife, and the gym wife', 'When the company wants you to feel like a family', 'The kid legit came out of the office as if he lives there', 'Bro maxed out his side characterüíÄ', '&quot;I have been nothing but transparent with you and now I feel like you&#39;re making me out to be the bad guy?&quot; LOLüòÇ', 'It&#39;s sad because I&#39;ve worked in a lot of places and you always see those people that are so cozy together and it&#39;s like if your husband or wife was here you&#39;d be acting totally different. Awesome commitment', 'I love that they just leave the kid at work and he is released when the doors are unlocked.']",Gaming,"You are a copywriter, create a 100 word summary of what this Youtube Short is about. Provide a neutral description. The summary should describe the overall atmosphere and pace of the video. It should also highlight important events from the video. Do not include any statements about a viewers response to the content or the overall viewing experience. Output the raw summary text.
Title: b'When you finally meet the ""work wife""'
Channel: Viva La Dirt League
Transcript: oh it's my w wife oh the the infamous W wife hang on I'll introduce you I've meant to introduce you to Ellie oh my God Ellie hi so nice to meet you I've heard so much about you to it's nice to put a face to the name where's my prob good morning oh hi uh what are you doing what why did you kiss her because she's my work wife I'm your wife are you okay Ellie no not really you're kissing my husband he's my husband too he's my work husband that's not a real thing well our work marriage license would say different you got married yes I told you that no you didn't how was it even legal we just came back from a honeymoon what are you talking about I I told you I said we went on a honeymoon to feij you I thought that was a continuation of the joke I have been nothing but transparent with you and now I feel like you're making me out to be the bad guy transparent is not the word I'd use ran I even told you well in advance when we took out our work mortgage wait now so you own property together like I mean what else am I missing Daddy hey darling son son yeah it's our work son 
Comments: ['Dude went from not realising he&#39;s married to having two wives.', 'If my husband ever referred to anyone as a ‚Äúwork wife‚Äù we would be having a work funeral.', 'The fact that they have a work-kid together, but only just got back from their work-honeymoon, means they&#39;d been work-banging for far longer than they&#39;ve been work-married.', 'She still has to meet his store wife, bar wife, church wife, and the gym wife', 'When the company wants you to feel like a family', 'The kid legit came out of the office as if he lives there', 'Bro maxed out his side characterüíÄ', '&quot;I have been nothing but transparent with you and now I feel like you&#39;re making me out to be the bad guy?&quot; LOLüòÇ', 'It&#39;s sad because I&#39;ve worked in a lot of places and you always see those people that are so cozy together and it&#39;s like if your husband or wife was here you&#39;d be acting totally different. Awesome commitment', 'I love that they just leave the kid at work and he is released when the doors are unlocked.']
Category: Gaming
","In this YouTube short, a man introduces his coworker, Ellie, as his ""work wife."" Ellie is surprised and confused, as she had no idea he was married. The man explains that they have a ""work marriage"" and shows her their ""work marriage license."" Ellie is still skeptical and asks questions about their relationship, such as how they met and whether they have children. The man reveals that they have a ""work son"" and shows her a child's drawing on the fridge. The conversation becomes increasingly absurd as the man talks about their ""work mortgage"" and how they've been ""work-banging"" for years. The video ends with the man saying he has other ""wives"" in different locations. The atmosphere is lighthearted and comedic, with a fast-paced exchange of dialogue between the two characters."
dTLYweJ08Tg,b'Courtside Kicks CASHES OUT on WHOLE TABLE of DUNKS in LA!!! (BUYOUT)',Courtside Kicks,yo what's good bro so you have a ton of dunks here fours I'm looking to buy all of them they're all pretty much good colorways how much are we looking for if I grabbed everything right here five thousand five grand okay I was checking them out I'd be at like 38. I know it's a little off but you kind of work on it [Music] 4.2 yeah yeah that's pretty fair it's in the middle yeah let's do it cool all right bet yeah I'll Buck these up ,59.679,1.524824477621944,"['After the video here is $20 for playing along.', 'These negotiations are hilarious lol', '<b>camera turns off</b> <br>Thanks dawg here‚Äôs your $20', 'This man has already spent 3.5 million üòÇ', '‚ÄúHow do I make myself look like a complete fool today‚Äù', 'Dude rolled outta bed and said yea my hair looks fine', 'how fake do u want it too be: Yes', 'Nobody in the world negotiates like this. ‚ÄúI want $5000‚Äù I‚Äôm at $3,800 ‚Äúok $4,200‚Äù yea that‚Äôs in the middle -_- WHHHAAT ?', 'I can‚Äôt wait to go to a sneaker convention and run into this dude.', 'Buyer: I‚Äôll box these up']",Entertainment,"You are a copywriter, create a 100 word summary of what this Youtube Short is about. Provide a neutral description. The summary should describe the overall atmosphere and pace of the video. It should also highlight important events from the video. Do not include any statements about a viewers response to the content or the overall viewing experience. Output the raw summary text.
Title: b'Courtside Kicks CASHES OUT on WHOLE TABLE of DUNKS in LA!!! (BUYOUT)'
Channel: Courtside Kicks
Transcript: yo what's good bro so you have a ton of dunks here fours I'm looking to buy all of them they're all pretty much good colorways how much are we looking for if I grabbed everything right here five thousand five grand okay I was checking them out I'd be at like 38. I know it's a little off but you kind of work on it [Music] 4.2 yeah yeah that's pretty fair it's in the middle yeah let's do it cool all right bet yeah I'll Buck these up 
Comments: ['After the video here is $20 for playing along.', 'These negotiations are hilarious lol', '<b>camera turns off</b> <br>Thanks dawg here‚Äôs your $20', 'This man has already spent 3.5 million üòÇ', '‚ÄúHow do I make myself look like a complete fool today‚Äù', 'Dude rolled outta bed and said yea my hair looks fine', 'how fake do u want it too be: Yes', 'Nobody in the world negotiates like this. ‚ÄúI want $5000‚Äù I‚Äôm at $3,800 ‚Äúok $4,200‚Äù yea that‚Äôs in the middle -_- WHHHAAT ?', 'I can‚Äôt wait to go to a sneaker convention and run into this dude.', 'Buyer: I‚Äôll box these up']
Category: Entertainment
","This YouTube short features a person interested in buying several pairs of sneakers from another individual. They discuss prices and negotiate until reaching an agreement. The atmosphere is casual and relaxed, with a playful tone during the negotiation process. Throughout the video, the individuals remain friendly, and the transaction occurs smoothly. There is background music and some commentary from others present. Overall, the pace is moderate, focusing primarily on the interaction between the two main individuals. Important events include the initial offer, counteroffer, and final agreement on the price."
k9v_bsZUQRg,b'Hockey Cameramen are Insane (@lsantanaphoto)',FitFix ,this cameraman has a unique job where he has to close this little hatch every time players come flying towards the glass and just by seeing some of these collisions you'll find out exactly why this hatch is necessary and for this job you're going to need some good reflexes to not only save your camera but also your bank account could you handle this job ,39.88,1.680040120361083,"['Cred: @Isantanaphoto via IG', 'Bro gets jump scared for a living üòÇ', 'Cameraman is invincible, but he loses his omnipresence when his camera is destroyed - this guy is playing celestial Russian roulette', 'When another camerman is recording you, you lose all invincibility.', 'Don‚Äôt worry, the cameraman never dies', 'Bro shouldered that glass like a video game character and shrugged it off.', 'Hockey players after breaking every bone in their body:<br><b>Tis but a scratch</b>', 'Bro is litterally playing Fnaf<br>-Close door<br>-Use camera<br>-If you fail you get jumpscared by hockey puck', 'Bros going to have PTSD every time he sees a puck when he retires üíÄ', 'Bro must be feeling like a soldier in the trenches, watching out for hockey pucks like they were grenades.']",Sports,"You are a copywriter, create a 100 word summary of what this Youtube Short is about. Provide a neutral description. The summary should describe the overall atmosphere and pace of the video. It should also highlight important events from the video. Do not include any statements about a viewers response to the content or the overall viewing experience. Output the raw summary text.
Title: b'Hockey Cameramen are Insane (@lsantanaphoto)'
Channel: FitFix 
Transcript: this cameraman has a unique job where he has to close this little hatch every time players come flying towards the glass and just by seeing some of these collisions you'll find out exactly why this hatch is necessary and for this job you're going to need some good reflexes to not only save your camera but also your bank account could you handle this job 
Comments: ['Cred: @Isantanaphoto via IG', 'Bro gets jump scared for a living üòÇ', 'Cameraman is invincible, but he loses his omnipresence when his camera is destroyed - this guy is playing celestial Russian roulette', 'When another camerman is recording you, you lose all invincibility.', 'Don‚Äôt worry, the cameraman never dies', 'Bro shouldered that glass like a video game character and shrugged it off.', 'Hockey players after breaking every bone in their body:<br><b>Tis but a scratch</b>', 'Bro is litterally playing Fnaf<br>-Close door<br>-Use camera<br>-If you fail you get jumpscared by hockey puck', 'Bros going to have PTSD every time he sees a puck when he retires üíÄ', 'Bro must be feeling like a soldier in the trenches, watching out for hockey pucks like they were grenades.']
Category: Sports
","In this thrilling YouTube short, we follow a hockey cameraman as he braves the ice rink to capture the action-packed moments of the game. With lightning-fast reflexes, he expertly closes a small hatch to protect himself and his camera from flying players. The video showcases the intensity and unpredictability of the sport, keeping viewers on the edge of their seats. The cameraman's unique job requires nerves of steel, quick thinking, and a sense of humor, making for an entertaining and engaging watch."
Js6ZUBSW6s0,b'how to set the perfect password',JackSucksAtStuff,please choose a password okay no worries third boy 420 your password must include an uppercase letter all right your password must include a special character sure the digits in your password must start up to 25 what okay there you go the password must include a month of the year me your password must include a Roman numeral V your password must include one of our sponsors turned boy Pepsi Roman numerals in your password should multiply to 35 okay so I need seven is that right yeah the password must include this capture what third czfb7 wait it's a two it's a two okay wait did they just don't add up to 25 anymore okay I did it your password must include today's word Lancer right one second I'll try that oh frame let's try frame oh it'll be irate won't it yeah okay I'll just squeeze that in two letter symbol Fe why is that not accepted or two oh the digital up to 25 I can't do it I give up I give up ,118.96099999999998,1.504694815948084,"['that password is un-hackable ü§£', 'His accent makes this 10 times better', 'I freakin&#39; bet, the last task is: Repeat the password.', 'this is an accurate description of me trying to create an account in a school website.', '&quot;I forgot my password&quot; üíÄ', 'Instructions to create a strong password in primary school be like:', 'A wise man once said &quot;I can beat this game In 60 seconds&quot;', 'Polish parents choosing their sons name:', '&quot;Why are you playing wordle?&quot;<br><br>&quot;I need to set a password.&quot;', 'Bro really said O2 is a symbol üíÄüíÄüíÄüíÄ']",Entertainment,"You are a copywriter, create a 100 word summary of what this Youtube Short is about. Provide a neutral description. The summary should describe the overall atmosphere and pace of the video. It should also highlight important events from the video. Do not include any statements about a viewers response to the content or the overall viewing experience. Output the raw summary text.
Title: b'how to set the perfect password'
Channel: JackSucksAtStuff
Transcript: please choose a password okay no worries third boy 420 your password must include an uppercase letter all right your password must include a special character sure the digits in your password must start up to 25 what okay there you go the password must include a month of the year me your password must include a Roman numeral V your password must include one of our sponsors turned boy Pepsi Roman numerals in your password should multiply to 35 okay so I need seven is that right yeah the password must include this capture what third czfb7 wait it's a two it's a two okay wait did they just don't add up to 25 anymore okay I did it your password must include today's word Lancer right one second I'll try that oh frame let's try frame oh it'll be irate won't it yeah okay I'll just squeeze that in two letter symbol Fe why is that not accepted or two oh the digital up to 25 I can't do it I give up I give up 
Comments: ['that password is un-hackable ü§£', 'His accent makes this 10 times better', 'I freakin&#39; bet, the last task is: Repeat the password.', 'this is an accurate description of me trying to create an account in a school website.', '&quot;I forgot my password&quot; üíÄ', 'Instructions to create a strong password in primary school be like:', 'A wise man once said &quot;I can beat this game In 60 seconds&quot;', 'Polish parents choosing their sons name:', '&quot;Why are you playing wordle?&quot;<br><br>&quot;I need to set a password.&quot;', 'Bro really said O2 is a symbol üíÄüíÄüíÄüíÄ']
Category: Entertainment
","This YouTube short features a comedic skit about setting a strong password. The video shows a person struggling to meet various password requirements, including using uppercase letters, special characters, numbers, months of the year, Roman numerals, and sponsor names. Despite their best efforts, they ultimately give up. The video has a fast-paced, humorous atmosphere, with a playful tone and exaggerated reactions. The main event of the video is the protagonist's failed attempts at creating a secure password, leading to frustration and defeat."
1AY9Sqt7yCg,b'How much do #Teachers make? #salarycompilation #salarytransparentstreet #teacherpay',Salary Transparent Street,"I'm a teacher how much do you make I make $53,000 how many years of experience do you have 5 years I'm a preschool teacher how much do you make 33,000 how many years of experience seven teach seventh grade social studies how much do you make I make about 48 to well it's about 50,000 a year okay how many years of experience three years now I a teacher awesome how much do you make I make 105,000 a year nice and how many years of experience this is year 17 I'm a teacher and how much do you make I make about 100,000 a year nice and do you like what you do I love it math teacher High School how much do you make $78,000 nice how many years of experience 10 I am a parent educator at an elementary school awesome how much do you make I don't know like 15 grand a year I'm in early childhood special education teacher how much do you make I make 107k base salary and then we get like a yearly bonus based on performance I love my job I love being a teacher cuz my kids all to love and support but I feel like that's where I need to be ",122.32000000000004,1.7495094833224325,"['Going to school to make 33k is crazy', 'That pre school teacher is better off working retail lmao', 'I want to say thank you to all the teachers.', 'Remember, <b>some</b> of these teachers had to get a master&#39;s degree to reach these salaries and keep their teaching licenses.', 'Teacher in the Austin, TX area, 9 years of experience, $65k. This includes a bonus/stipend. I left teaching in 2021 making $53k, so it has increased $12k because no one wants to take the jobs. I came back because I missed working with the kids. It‚Äôs not easy dealing with 140 different personalities and learning styles every day, but it is most definitely fulfilling.', 'The salary range is crazy!', 'The ones making Society better can barely live in the society.', 'I‚Äôm always perplexed at how little teachers make. It‚Äôs insane.', 'Bless them all! We need educators so badly (and they need to make more!)', 'Mind you.... many teachers work less than 200 days out of the year....']",Entertainment,"You are a copywriter, create a 100 word summary of what this Youtube Short is about. Provide a neutral description. The summary should describe the overall atmosphere and pace of the video. It should also highlight important events from the video. Do not include any statements about a viewers response to the content or the overall viewing experience. Output the raw summary text.
Title: b'How much do #Teachers make? #salarycompilation #salarytransparentstreet #teacherpay'
Channel: Salary Transparent Street
Transcript: I'm a teacher how much do you make I make $53,000 how many years of experience do you have 5 years I'm a preschool teacher how much do you make 33,000 how many years of experience seven teach seventh grade social studies how much do you make I make about 48 to well it's about 50,000 a year okay how many years of experience three years now I a teacher awesome how much do you make I make 105,000 a year nice and how many years of experience this is year 17 I'm a teacher and how much do you make I make about 100,000 a year nice and do you like what you do I love it math teacher High School how much do you make $78,000 nice how many years of experience 10 I am a parent educator at an elementary school awesome how much do you make I don't know like 15 grand a year I'm in early childhood special education teacher how much do you make I make 107k base salary and then we get like a yearly bonus based on performance I love my job I love being a teacher cuz my kids all to love and support but I feel like that's where I need to be 
Comments: ['Going to school to make 33k is crazy', 'That pre school teacher is better off working retail lmao', 'I want to say thank you to all the teachers.', 'Remember, <b>some</b> of these teachers had to get a master&#39;s degree to reach these salaries and keep their teaching licenses.', 'Teacher in the Austin, TX area, 9 years of experience, $65k. This includes a bonus/stipend. I left teaching in 2021 making $53k, so it has increased $12k because no one wants to take the jobs. I came back because I missed working with the kids. It‚Äôs not easy dealing with 140 different personalities and learning styles every day, but it is most definitely fulfilling.', 'The salary range is crazy!', 'The ones making Society better can barely live in the society.', 'I‚Äôm always perplexed at how little teachers make. It‚Äôs insane.', 'Bless them all! We need educators so badly (and they need to make more!)', 'Mind you.... many teachers work less than 200 days out of the year....']
Category: Entertainment
","This YouTube short is a compilation of teachers sharing their salaries and years of experience. The video features a diverse group of teachers, ranging from preschool to high school, and their salaries vary greatly, from $33,000 to $105,000. Some teachers express their love for their job, while others mention the challenges of their profession. The video aims to provide transparency around teacher pay and spark discussion about the value of education. The atmosphere is casual and informative, with a neutral tone. Important events include the reveal of each teacher's salary and their comments about their job satisfaction. Overall, the video sheds light on the financial realities of teaching and encourages viewers to appreciate the hard work and dedication of educators."
f8a2tiHatCc,b'Corrupt Cops Caught & OWNED! Dirty Tyrant State Police Cover Criminal Cops! Police Fail #copsowned',People's Court Audit,y'all decked out in police gear for this yes sir you're not on duty though are you surviving that's what I'm doing man you on duty or not no you're not why y'all in the uh uniform and everything I'm gonna be honest with you man I'm not going to continue this conversation with him all right that's what happens when you back cops into a corner and they're getting ready to get caught doing something illegal we need to speak with the detective about uh some illegal stuff that we know about detectives here we got to talk to somebody we got to make a report on a whole group of police officers that are violating law well we don't do that here you do do that here sir what's your name no no no don't close that window what's your name and badge number don't open that window you open that window boy there's my name Chrissy is that what you said how would you know about anything in my personal life if you didn't run an illegal investigation no you need to do your job what do you want we need to make a report other police officers breaking the law who Clarksville get the notepad out nope goodbye ,119.85800000000005,1.777102905104373,"['How Many times do Cops use lack of resources as an excuse? What do you think should happen here?<br><br>Link to the full video bellow title!', '&quot;YOU OPEN THAT WINDOW BOY&quot; spoke like a true southern father üòÇ', 'He&#39;s on extra duty, which requires his uniform.  Walmart is paying that.', 'He&#39;s working an extra job. Police wear their uniforms for extra jobs...', 'The fact that he REFUSED to do a police report is immediate grounds for litigation', 'It&#39;s not against the law for companies to hire cops in uniform. Major sports due it all the time. Many of those cops you see aren&#39;t being paid by tax dollars', 'Police are required to wear their uniforms while on standbys.', 'He said you open that window boy... I&#39;m dead üòÇ', 'This sovereign citizen is exceptionally silly.', 'Nearly took me out when he told the cop at the window, &quot;You open that window boy&quot;']",Entertainment,"You are a copywriter, create a 100 word summary of what this Youtube Short is about. Provide a neutral description. The summary should describe the overall atmosphere and pace of the video. It should also highlight important events from the video. Do not include any statements about a viewers response to the content or the overall viewing experience. Output the raw summary text.
Title: b'Corrupt Cops Caught & OWNED! Dirty Tyrant State Police Cover Criminal Cops! Police Fail #copsowned'
Channel: People's Court Audit
Transcript: y'all decked out in police gear for this yes sir you're not on duty though are you surviving that's what I'm doing man you on duty or not no you're not why y'all in the uh uniform and everything I'm gonna be honest with you man I'm not going to continue this conversation with him all right that's what happens when you back cops into a corner and they're getting ready to get caught doing something illegal we need to speak with the detective about uh some illegal stuff that we know about detectives here we got to talk to somebody we got to make a report on a whole group of police officers that are violating law well we don't do that here you do do that here sir what's your name no no no don't close that window what's your name and badge number don't open that window you open that window boy there's my name Chrissy is that what you said how would you know about anything in my personal life if you didn't run an illegal investigation no you need to do your job what do you want we need to make a report other police officers breaking the law who Clarksville get the notepad out nope goodbye 
Comments: ['How Many times do Cops use lack of resources as an excuse? What do you think should happen here?<br><br>Link to the full video bellow title!', '&quot;YOU OPEN THAT WINDOW BOY&quot; spoke like a true southern father üòÇ', 'He&#39;s on extra duty, which requires his uniform.  Walmart is paying that.', 'He&#39;s working an extra job. Police wear their uniforms for extra jobs...', 'The fact that he REFUSED to do a police report is immediate grounds for litigation', 'It&#39;s not against the law for companies to hire cops in uniform. Major sports due it all the time. Many of those cops you see aren&#39;t being paid by tax dollars', 'Police are required to wear their uniforms while on standbys.', 'He said you open that window boy... I&#39;m dead üòÇ', 'This sovereign citizen is exceptionally silly.', 'Nearly took me out when he told the cop at the window, &quot;You open that window boy&quot;']
Category: Entertainment
","This YouTube short is a confrontational exchange between a civilian and a police officer. The civilian is attempting to file a report about corrupt police activity, while the officer is resistant to taking the report and becomes defensive. The civilian asks for the officer's name and badge number, and the officer refuses to provide it. The interaction escalates, with the civilian demanding to speak to a supervisor and the officer eventually closing the window and walking away. The video ends with the civilian stating that the officer's actions are ""immediate grounds for litigation."" The atmosphere is tense and hostile, with both parties becoming increasingly agitated throughout the encounter. Important events include the civilian's attempts to file a report, the officer's refusal to cooperate, and the escalation of the situation."
bnem7I5UkaA,b'WAKE UP: College Is A Lie',Mark Tilbury,a lot of people don't understand that the only purpose of a college degree is to show your potential boss you turned up the class for three to four years in a row and completed a series of assignments reasonably well and on time so if they hire you there's a semi-decent chance that you'll show up every day and not mess their business up ,41.861,1.576646520627792,"['This is one of my favourite quotes from Tulsa King üî•üéì', 'Doctors: üòê<br>Lawyers: üòê<br>Pilots: üòê', 'This is the perspective of those who were signed up to the wrong course.', 'Would you trust a ‚Äúself taught‚Äù engineer? No', 'I feel like this only applies to business degrees, I wanna be a lawyer there is a 0% chance of me getting bared if I don‚Äôt get a degree', 'Bro took art history and now regrets it', 'We need doctors, nurses, scientists, engineers, and so many other careers that require a college degree. These are the people who move humanity forward. We should be encouraging kids to take that route, not telling them degrees are useless', 'I‚Äôm glad my heart surgeon has a degree.', 'Don&#39;t trust him, you won&#39;t finish med school just by showing up to classüíÄüíÄüíÄ', 'Abandoning my particle physics degree right this instant']",Education,"You are a copywriter, create a 100 word summary of what this Youtube Short is about. Provide a neutral description. The summary should describe the overall atmosphere and pace of the video. It should also highlight important events from the video. Do not include any statements about a viewers response to the content or the overall viewing experience. Output the raw summary text.
Title: b'WAKE UP: College Is A Lie'
Channel: Mark Tilbury
Transcript: a lot of people don't understand that the only purpose of a college degree is to show your potential boss you turned up the class for three to four years in a row and completed a series of assignments reasonably well and on time so if they hire you there's a semi-decent chance that you'll show up every day and not mess their business up 
Comments: ['This is one of my favourite quotes from Tulsa King üî•üéì', 'Doctors: üòê<br>Lawyers: üòê<br>Pilots: üòê', 'This is the perspective of those who were signed up to the wrong course.', 'Would you trust a ‚Äúself taught‚Äù engineer? No', 'I feel like this only applies to business degrees, I wanna be a lawyer there is a 0% chance of me getting bared if I don‚Äôt get a degree', 'Bro took art history and now regrets it', 'We need doctors, nurses, scientists, engineers, and so many other careers that require a college degree. These are the people who move humanity forward. We should be encouraging kids to take that route, not telling them degrees are useless', 'I‚Äôm glad my heart surgeon has a degree.', 'Don&#39;t trust him, you won&#39;t finish med school just by showing up to classüíÄüíÄüíÄ', 'Abandoning my particle physics degree right this instant']
Category: Education
","In this YouTube short, Mark Tilbury shares his thoughts on the importance of a college degree. He argues that the sole purpose of a degree is to demonstrate to potential employers that an individual can consistently show up and complete tasks on time. He suggests that many professions, such as medicine and engineering, require formal education and training to ensure competency. The comments section shows mixed reactions, with some agreeing that a degree is necessary for certain fields, while others believe that self-teaching and real-world experience are more valuable. Overall, the video presents a controversial opinion on higher education, sparking debate among viewers. (100 words)"
aFJ1ThX8XHU,b'enjoy the light',NileBlue,this is a light bulb I don't want to try plugging it in just got to screw it into this thing now when I turn it on oh without the bulb it clearly has some issues but that's why instead I want to try with this light bulb to put it in something else it's my special machine that I got recently and I'll put it on put it on the tray I'll also shove this in here now we pull a vacuum I'm replacing with nitrogen now we can open this we'll get the uh the light bulb and the switch thing plug this light in just got to screw the light bulb in okay it's good and now I just have to flip the switch to turn it on now we have a light bulb and unlike before it doesn't burn out it's just nitrogen in here it's a little bit more elaborate but it's kind of like this is one big light bulb now now what I don't know we just enjoy the light ,114.758,1.5510901200787743,"['Didn&#39;t think I would wait 30 seconds for Nile to turn on a bulb. Now that&#39;s quality content<br><br>Edit- Damn.... thanks for the likes folks :) Didn&#39;t think my comment would blow up so much üòÖ', 'Dr. Stone has taught me too much about light bulbs', '&quot;what now?&quot; &quot;I dont know, we just enjoy the light?&quot;<br>The conversation my brain has with itself every morning i wake up.', 'Man spent $28,000 to show us a broken lightbulb work.<br><br>Props my dude', 'Angel after the first day: Now what?<br>God: I dunno, we just enjoy the light.', 'He broke the light bulb, just to put it into a bigger light bulb. What a g. üî•', 'Legend says he&#39;s still enjoying the light', 'Would‚Äôve been one hell of a way to figure out you have a gas leak', 'I&#39;m just admiring the genius, yet simple way that he interacts with the contents inside of the container, without disrupting it', '‚ÄúWe just enjoy the light‚Äù - best words ever spoken on YouTube.']",Science & Technology,"You are a copywriter, create a 100 word summary of what this Youtube Short is about. Provide a neutral description. The summary should describe the overall atmosphere and pace of the video. It should also highlight important events from the video. Do not include any statements about a viewers response to the content or the overall viewing experience. Output the raw summary text.
Title: b'enjoy the light'
Channel: NileBlue
Transcript: this is a light bulb I don't want to try plugging it in just got to screw it into this thing now when I turn it on oh without the bulb it clearly has some issues but that's why instead I want to try with this light bulb to put it in something else it's my special machine that I got recently and I'll put it on put it on the tray I'll also shove this in here now we pull a vacuum I'm replacing with nitrogen now we can open this we'll get the uh the light bulb and the switch thing plug this light in just got to screw the light bulb in okay it's good and now I just have to flip the switch to turn it on now we have a light bulb and unlike before it doesn't burn out it's just nitrogen in here it's a little bit more elaborate but it's kind of like this is one big light bulb now now what I don't know we just enjoy the light 
Comments: ['Didn&#39;t think I would wait 30 seconds for Nile to turn on a bulb. Now that&#39;s quality content<br><br>Edit- Damn.... thanks for the likes folks :) Didn&#39;t think my comment would blow up so much üòÖ', 'Dr. Stone has taught me too much about light bulbs', '&quot;what now?&quot; &quot;I dont know, we just enjoy the light?&quot;<br>The conversation my brain has with itself every morning i wake up.', 'Man spent $28,000 to show us a broken lightbulb work.<br><br>Props my dude', 'Angel after the first day: Now what?<br>God: I dunno, we just enjoy the light.', 'He broke the light bulb, just to put it into a bigger light bulb. What a g. üî•', 'Legend says he&#39;s still enjoying the light', 'Would‚Äôve been one hell of a way to figure out you have a gas leak', 'I&#39;m just admiring the genius, yet simple way that he interacts with the contents inside of the container, without disrupting it', '‚ÄúWe just enjoy the light‚Äù - best words ever spoken on YouTube.']
Category: Science & Technology
","Sure! Here is a 100-word summary of the YouTube short ""benjoy the light"" by NileBlue:

In this video, the creator demonstrates how to make a light bulb work using a unique method involving a vacuum pump and a container filled with nitrogen. The video starts with the creator trying to screw in a light bulb into a socket, but it keeps burning out. He then introduces his ""special machine,"" which he uses to replace the air inside the light bulb with nitrogen. After successfully turning on the light bulb using this method, the creator simply states, ""Now what? I don't know, we just enjoy the light."" The video ends with the light bulb still turned on, emitting a warm glow. The overall atmosphere of the video is calm and informative, with a touch of humor. The pace is slow and deliberate, allowing the viewer to follow along with the creator's process. Important events in the video include the initial failure of the light bulb, the introduction of the special machine, and the successful turning on of the light bulb using nitrogen."
n7x4Jj9pdH8,b'World\xe2\x80\x99s Most Expensive Bed',MrBeast,"this is the most expensive bed on the planet probably shouldn't hit it why does this bed cost so much every single thing that you see here is made entirely by hand these Corners are actually CH green what the middle mattress has horsetail hair horsetail hair HSE tail hair and how much if they want to get it with this bed costum the duet these Linens these three components would be approximately $700,000 wow yeah let's give it a try oh wow oh snap it's like f but also soft it's working this is the bed Drake sleeps on just you know I don't ever want to get out of this bed with a higher thread count your body isn't actually able to Brea so all the layers that we have oh man good night ",95.599,1.4330693835709578,"['Jimmy just flat out ignored the dude üò≠üò≠', 'Me when I‚Äôm on my parents bed.', 'This man can change anything especially their smile...!', '- This will be 700K<br>- The house?<br>- No the bed.<br>- üëÅÔ∏èüëÑüëÅÔ∏è', 'Juan guarznio: nuestra pelea sera legendaria', 'Aprende Juan, esto si es una cama buena y sin tener que regalar a su mujer por pags privadasüòÇüéâ', 'that‚Äôs why drake loves his bed and his mama', 'Humilde Mr Beast comprando la cama de JuanCucknizo', 'De hecho es la segunda cama mas mara del mundo,la primera es la de juan guarnizoüëª', 'Getting out of bed is probably the hardest thing to ever exist for the person who owns this bed']",Entertainment,"You are a copywriter, create a 100 word summary of what this Youtube Short is about. Provide a neutral description. The summary should describe the overall atmosphere and pace of the video. It should also highlight important events from the video. Do not include any statements about a viewers response to the content or the overall viewing experience. Output the raw summary text.
Title: b'World\xe2\x80\x99s Most Expensive Bed'
Channel: MrBeast
Transcript: this is the most expensive bed on the planet probably shouldn't hit it why does this bed cost so much every single thing that you see here is made entirely by hand these Corners are actually CH green what the middle mattress has horsetail hair horsetail hair HSE tail hair and how much if they want to get it with this bed costum the duet these Linens these three components would be approximately $700,000 wow yeah let's give it a try oh wow oh snap it's like f but also soft it's working this is the bed Drake sleeps on just you know I don't ever want to get out of this bed with a higher thread count your body isn't actually able to Brea so all the layers that we have oh man good night 
Comments: ['Jimmy just flat out ignored the dude üò≠üò≠', 'Me when I‚Äôm on my parents bed.', 'This man can change anything especially their smile...!', '- This will be 700K<br>- The house?<br>- No the bed.<br>- üëÅÔ∏èüëÑüëÅÔ∏è', 'Juan guarznio: nuestra pelea sera legendaria', 'Aprende Juan, esto si es una cama buena y sin tener que regalar a su mujer por pags privadasüòÇüéâ', 'that‚Äôs why drake loves his bed and his mama', 'Humilde Mr Beast comprando la cama de JuanCucknizo', 'De hecho es la segunda cama mas mara del mundo,la primera es la de juan guarnizoüëª', 'Getting out of bed is probably the hardest thing to ever exist for the person who owns this bed']
Category: Entertainment
","In this video, MrBeast showcases the world's most expensive bed, priced at $700,000. Every aspect of the bed is handmade, including the corners made of solid gold and the mattress filled with horsehair. MrBeast tests the bed himself and expresses amazement at its comfort. The video features humorous interactions between MrBeast and an unseen character named Jimmy. The overall atmosphere is lighthearted and playful, with a focus on showcasing the extravagance of the bed. The pace is moderate, with a mix of quick cuts and lingering shots of the bed's details. Important events include MrBeast testing the bed and sharing his reactions, as well as the reveal of the bed's price tag."
LdoJnz_ZQyU,b'Spending $100 in North Macedonia',It's Philipp,[Music] here's what1 get you in North Macedonia they have London's double decker buses here a full ball can meal for just under six bucks a North Macedonia flag for 80 a large f for 50 a crap with Nutella and berries for ‚Ç¨ 3.70 and a bed in a hostle and scopio for ‚Ç¨1 the next day I got some ice cream for ‚Ç¨60 had lunch at a fancy restaurant for ‚Ç¨1 1540 got a slushy for 80 cent and a 4-Hour bus ride to for around ‚Ç¨14 at the bus station I got a water and a lemonade for just over ‚Ç¨1 and my dinner in oit was lasagna a bottle of water and some Italian bread for ‚Ç¨10 I spent another ‚Ç¨1 on a hostling oet and after a morning hike up to the Fortress I got a nice mocha and a smoothie for $6.50 next up was another 4-Hour bus ride back to Scorpio for $ 1380 and the remaining budget went towards a taxi to the airport for just under ‚Ç¨1 15 ,106.521,1.6710320030792052,['<b>skopje</b>'],Travel & Events,"You are a copywriter, create a 100 word summary of what this Youtube Short is about. Provide a neutral description. The summary should describe the overall atmosphere and pace of the video. It should also highlight important events from the video. Do not include any statements about a viewers response to the content or the overall viewing experience. Output the raw summary text.
Title: b'Spending $100 in North Macedonia'
Channel: It's Philipp
Transcript: [Music] here's what1 get you in North Macedonia they have London's double decker buses here a full ball can meal for just under six bucks a North Macedonia flag for 80 a large f for 50 a crap with Nutella and berries for ‚Ç¨ 3.70 and a bed in a hostle and scopio for ‚Ç¨1 the next day I got some ice cream for ‚Ç¨60 had lunch at a fancy restaurant for ‚Ç¨1 1540 got a slushy for 80 cent and a 4-Hour bus ride to for around ‚Ç¨14 at the bus station I got a water and a lemonade for just over ‚Ç¨1 and my dinner in oit was lasagna a bottle of water and some Italian bread for ‚Ç¨10 I spent another ‚Ç¨1 on a hostling oet and after a morning hike up to the Fortress I got a nice mocha and a smoothie for $6.50 next up was another 4-Hour bus ride back to Scorpio for $ 1380 and the remaining budget went towards a taxi to the airport for just under ‚Ç¨1 15 
Comments: ['<b>skopje</b>']
Category: Travel & Events
","In this travel vlog, the creator spends $100 in North Macedonia, showcasing various purchases and experiences available in the country. The video takes viewers through different locations, such as Skopje and Ohrid, and highlights affordable options for food, transportation, and accommodations. The atmosphere is casual and informative, with a fast-paced editing style that keeps the viewer engaged. Important events include trying local cuisine, visiting tourist attractions, and taking public transportation. Throughout the video, the creator provides commentary on the value of money in North Macedonia and how far $100 can stretch."
m5uJjHV_eVs,b'Why Does This GENIUS Business Idea Not Exist?!',Simon Squibb,do you have a dream about starting your own business I would have a like a coffee shop that also has video games that people can come and play and just hang out that'll be my dream how can we make this happen I want to go to this coffee shop it would need to make a lot of money for it to exist in London which would be the hardest part I don't think so can't we just get a game's company to sponsor it and uh their dream where's the games company coffee shop where's the Xbox and Playstation oh competing like crazy with each other so this contact then today and Pitch it can you draft a picture of this idea by the end of the day probably then I'll help you introduce it to those companies deal okay deal what's the name of this new company by the way oh I like the idea of calling it just home something very simple very well gonna have a problem with trademark on that but baby Xbox home or Playstation they'll love that they'll love that because it's their kind of home page yeah all PlayStation home we're more PlayStation we're gonna have to charge the mixture if they want naming right well of course so come over social media handle just register it and send it to me okay and then tonight send me an email and then we're going to pitch it seriously we're going to pitch it to these big games companies worst is they say ,122.498,2.138810429558033,"['Could be called &quot;Next Level Coffee&quot;', 'I‚Äôm going to start wondering around London hoping I bump into this man because I have a genius idea', 'I would love to have a vid of successful interviews man, I&#39;ve seen loads of these &#39;let&#39;s go do it&#39; but never any posts of people finally living their dreams', 'That&#39;s literally a glorified Internet cafeüóø', 'I feel like with those huge companies, they&#39;ll say &quot;no we&#39;re not interested&quot;, then a month later you see &quot;Playstation Home&quot; Gaming coffee shop in your nearest plaza üòµ\u200düí´üòñ', 'Honestly, you&#39;re motivating me to start my own business and I&#39;m just 17.', 'The reason it doesn‚Äôt exist is that a person could buy a $3 cup of coffee and stay at your business for hours. Ever wonder why New York pizza can be sold cheap by the slice? They get you in and get you out.', 'This man is Great, He&#39;s making me Motivated', 'Let&#39;s hope his dream comes true for him.', 'Internet cafes listening to this like üò∂']",Education,"You are a copywriter, create a 100 word summary of what this Youtube Short is about. Provide a neutral description. The summary should describe the overall atmosphere and pace of the video. It should also highlight important events from the video. Do not include any statements about a viewers response to the content or the overall viewing experience. Output the raw summary text.
Title: b'Why Does This GENIUS Business Idea Not Exist?!'
Channel: Simon Squibb
Transcript: do you have a dream about starting your own business I would have a like a coffee shop that also has video games that people can come and play and just hang out that'll be my dream how can we make this happen I want to go to this coffee shop it would need to make a lot of money for it to exist in London which would be the hardest part I don't think so can't we just get a game's company to sponsor it and uh their dream where's the games company coffee shop where's the Xbox and Playstation oh competing like crazy with each other so this contact then today and Pitch it can you draft a picture of this idea by the end of the day probably then I'll help you introduce it to those companies deal okay deal what's the name of this new company by the way oh I like the idea of calling it just home something very simple very well gonna have a problem with trademark on that but baby Xbox home or Playstation they'll love that they'll love that because it's their kind of home page yeah all PlayStation home we're more PlayStation we're gonna have to charge the mixture if they want naming right well of course so come over social media handle just register it and send it to me okay and then tonight send me an email and then we're going to pitch it seriously we're going to pitch it to these big games companies worst is they say 
Comments: ['Could be called &quot;Next Level Coffee&quot;', 'I‚Äôm going to start wondering around London hoping I bump into this man because I have a genius idea', 'I would love to have a vid of successful interviews man, I&#39;ve seen loads of these &#39;let&#39;s go do it&#39; but never any posts of people finally living their dreams', 'That&#39;s literally a glorified Internet cafeüóø', 'I feel like with those huge companies, they&#39;ll say &quot;no we&#39;re not interested&quot;, then a month later you see &quot;Playstation Home&quot; Gaming coffee shop in your nearest plaza üòµ\u200düí´üòñ', 'Honestly, you&#39;re motivating me to start my own business and I&#39;m just 17.', 'The reason it doesn‚Äôt exist is that a person could buy a $3 cup of coffee and stay at your business for hours. Ever wonder why New York pizza can be sold cheap by the slice? They get you in and get you out.', 'This man is Great, He&#39;s making me Motivated', 'Let&#39;s hope his dream comes true for him.', 'Internet cafes listening to this like üò∂']
Category: Education
","In this YouTube short, entrepreneur Simon Squibb discusses a potential business idea for a coffee shop that also offers video games for customers to play. He brainstorms ways to make the concept a reality, including partnering with major gaming companies like Xbox and Playstation. The video has a fast-paced, energetic atmosphere, with quick cuts between shots of Squibb speaking and graphics illustrating his ideas. Important events include Squibb's initial pitch of the idea, his suggestion to reach out to gaming companies for sponsorship, and his plan to draft a proposal and present it to industry leaders. Overall, the video is focused on exploring the feasibility of a unique business concept and the steps needed to bring it to life."
xN5OsH0UCmo,b'Typing SO FAST that monkeytype would INVALIDATE my score!',mythicalrocket,I try to type so fast that monkey type would invalidate my score now monkey type invalidates any scores that are above 350 words per minute I've kept typing and typing until I got this just two under 350. so I tried again 349 just one under 350. there it is 363. and just to make sure it isn't a fluke ,54.221,1.1434683978532303,"['Write a 300 word essay<br>‚ÄúSure gimme a minute‚Äù', '‚ÄúYour 1000 word essay is due in 5 minutes‚Äù<br><br>‚ÄúI only need 3‚Äù', 'This is the guy who manages to write the comeback before the subject changes', 'Bro finishes all his essays at <a href=""https://www.youtube.com/watch?v=xN5OsH0UCmo&amp;t=11m59s"">11:59</a>üòÇ', 'He the typa guy to start the essay 5 minutes before irs due, then finish it 10 minutes before its due.', 'Bro isn‚Äôt a keyboard warrior, he‚Äôs an entire army', 'Bro&#39;s keyboard longs for the sweet release of death üíÄüíÄüíÄ', 'That&#39;s crazy. I type a consistent 120wpm so I can&#39;t imagine how you&#39;re parsing that mentally to get such an even cadence of keystrokes between words.', 'Bro&#39;s gf will absolutely stay with him.', 'Bro wins every discord argument']",Gaming,"You are a copywriter, create a 100 word summary of what this Youtube Short is about. Provide a neutral description. The summary should describe the overall atmosphere and pace of the video. It should also highlight important events from the video. Do not include any statements about a viewers response to the content or the overall viewing experience. Output the raw summary text.
Title: b'Typing SO FAST that monkeytype would INVALIDATE my score!'
Channel: mythicalrocket
Transcript: I try to type so fast that monkey type would invalidate my score now monkey type invalidates any scores that are above 350 words per minute I've kept typing and typing until I got this just two under 350. so I tried again 349 just one under 350. there it is 363. and just to make sure it isn't a fluke 
Comments: ['Write a 300 word essay<br>‚ÄúSure gimme a minute‚Äù', '‚ÄúYour 1000 word essay is due in 5 minutes‚Äù<br><br>‚ÄúI only need 3‚Äù', 'This is the guy who manages to write the comeback before the subject changes', 'Bro finishes all his essays at <a href=""https://www.youtube.com/watch?v=xN5OsH0UCmo&amp;t=11m59s"">11:59</a>üòÇ', 'He the typa guy to start the essay 5 minutes before irs due, then finish it 10 minutes before its due.', 'Bro isn‚Äôt a keyboard warrior, he‚Äôs an entire army', 'Bro&#39;s keyboard longs for the sweet release of death üíÄüíÄüíÄ', 'That&#39;s crazy. I type a consistent 120wpm so I can&#39;t imagine how you&#39;re parsing that mentally to get such an even cadence of keystrokes between words.', 'Bro&#39;s gf will absolutely stay with him.', 'Bro wins every discord argument']
Category: Gaming
","Sure! Here is a 100-word summary of the YouTube short ""Typing SO FAST that monkeytype would INVALIDATE my score!"" by mythicalrocket:

In this video, the creator attempts to type as fast as possible to beat the Monkey Type game's high score. Despite the game's limit of 350 words per minute, the creator successfully types over 360 words per minute multiple times. The video showcases the creator's impressive typing skills and determination to achieve a high score. Throughout the video, the creator's commentary and reactions add to the lighthearted and playful atmosphere. The pace is fast-moving, with quick cuts between the creator's typing and reaction shots. Important events include the creator's initial success at reaching over 350 words per minute and subsequent attempts to validate the score."
KiEErvcX_qo,b'Kid Fried Rice',Uncle Roger Shorts,let's make egg fried rice little boy making egg fried rice nice chopping spring onion good hey I don't need to use that Scoopy thing just cook with knife don't make extra mess for your mom to clean nice editing soy sauce and garlic okay egg cracking nice onion go in good he only using the white part of spring onion hopefully you put some raw stuff later Rice go in nice Uncle Roger hope with Tayo rice sauce going good the green part of spring onion go in and good for you not bad little kid not bad keep this up maybe you'll be youngest Uncle ever ,92.239,1.1817127245525212,"['So glad uncle roger saw this amazing kid !', 'He‚Äôs actually better than most adults üòÖ', 'I eat ‚Äúkid fried rice‚Äù all the time, it‚Äôs such a wholesome and delicious meal, you can feel the crunch inside, the amazing red sauce, and most importantly of all I feel 2x younger every time I eat it, it‚Äôs so nice seeing a kid step up and make such a complex meal.', 'Probably the first time I&#39;ve heard uncle Roger praise a kid for his cooking. I hope to see the kid as an uncle tomorrow.', 'I have to admit that some of the children of the younger generation are genuinely eager to learn many things in their daily lives. I went to my relatives&#39; house for the first time to babysit my 1-year-old and 10-year-old, thinking it was the nightmare of my life but because of the cuteness of my 1-year-old baby and my cousin&#39;s egg fried rice. He can even use utensils to squeeze orange juice in Asian style. Oh shiet, Kids are so good now, I didn&#39;t even know how to fry eggs at 10 years old', '&quot;Kid fried rice&quot; üíÄüíÄüíÄ', 'You know the kid has a bright future ahead of him if Uncle Rogers approves     of his cooking', 'i literally love that kidüò≠', 'Uncle Roger needs a Oscar for his accent I love it!!!‚ù§', 'It is rare for him to be this kind and sweet.']",People & Blogs,"You are a copywriter, create a 100 word summary of what this Youtube Short is about. Provide a neutral description. The summary should describe the overall atmosphere and pace of the video. It should also highlight important events from the video. Do not include any statements about a viewers response to the content or the overall viewing experience. Output the raw summary text.
Title: b'Kid Fried Rice'
Channel: Uncle Roger Shorts
Transcript: let's make egg fried rice little boy making egg fried rice nice chopping spring onion good hey I don't need to use that Scoopy thing just cook with knife don't make extra mess for your mom to clean nice editing soy sauce and garlic okay egg cracking nice onion go in good he only using the white part of spring onion hopefully you put some raw stuff later Rice go in nice Uncle Roger hope with Tayo rice sauce going good the green part of spring onion go in and good for you not bad little kid not bad keep this up maybe you'll be youngest Uncle ever 
Comments: ['So glad uncle roger saw this amazing kid !', 'He‚Äôs actually better than most adults üòÖ', 'I eat ‚Äúkid fried rice‚Äù all the time, it‚Äôs such a wholesome and delicious meal, you can feel the crunch inside, the amazing red sauce, and most importantly of all I feel 2x younger every time I eat it, it‚Äôs so nice seeing a kid step up and make such a complex meal.', 'Probably the first time I&#39;ve heard uncle Roger praise a kid for his cooking. I hope to see the kid as an uncle tomorrow.', 'I have to admit that some of the children of the younger generation are genuinely eager to learn many things in their daily lives. I went to my relatives&#39; house for the first time to babysit my 1-year-old and 10-year-old, thinking it was the nightmare of my life but because of the cuteness of my 1-year-old baby and my cousin&#39;s egg fried rice. He can even use utensils to squeeze orange juice in Asian style. Oh shiet, Kids are so good now, I didn&#39;t even know how to fry eggs at 10 years old', '&quot;Kid fried rice&quot; üíÄüíÄüíÄ', 'You know the kid has a bright future ahead of him if Uncle Rogers approves     of his cooking', 'i literally love that kidüò≠', 'Uncle Roger needs a Oscar for his accent I love it!!!‚ù§', 'It is rare for him to be this kind and sweet.']
Category: People & Blogs
","Title: Kid Fried Rice

This YouTube short features a young boy demonstrating his culinary skills by making egg fried rice. The video showcases the boy's ability to chop spring onions, crack eggs, and cook the dish using a knife, much to the delight of Uncle Roger, who is filming and providing commentary. The boy's technique and efficiency in the kitchen earn him praise from Uncle Roger, who expresses admiration for the boy's skill and hopes that he will become the youngest Uncle ever. The video has a lighthearted and uplifting atmosphere, with a steady pace and engaging visuals. Important events include the boy's successful attempt at making egg fried rice and Uncle Roger's positive feedback."
NLvfrxL3YGA,b'Chinese Spacecraft Rolls Out Of Control During Dangerous Landing',Scott Manley,yesterday the three astronauts from China's sheno 16 Mission returned to Earth this is normally a rough process re-entering the atmosphere deploying a large parachute dumping the peroxide Fuel and then descending to a landing which is cushioned by a rocket motor this time there was some serious roll going on you can see the capsule is moving sideways relatively quickly and when the rocket motor fires the spacecraft bounces off the ground and then begins tumbling as the load is removed from the parachut I've seen speculation that the sideways speed was due to a damaged parachute but I can't say that for certain and it was clearly very windy this would have been a rough ride for the crew but it's not clear it would have injured them the capsule was obviously well protected and the crew are supposed to fold their arms to hold them from flailing around sheno is very similar to soyu and NASA found that onethird of NASA astronauts were suffering minor injuries during suu Landings I'm interested to know but I don't expect similar transparency from the Chinese space agency ,121.76,1.5440210249671489,"['My spleen ruptured just watching that.', 'Imagine physically adapting to weightlessness for a while and then this bs happens! lol', 'If Ryanair did space travel.', 'Thats how i land in KSP', '&quot;Yesterday&#39;s landing was a glorious success.&quot;', 'When the announcement says to keep your seatbelts fastened until the craft has come to a full and complete stop, they aren&#39;t kidding!', 'it could have been worse. they didn&#39;t land on a mountainside and roll down towards a cliff like those guys in 1975', 'Astronauts names,<br>Mission Commander: Sum Ting Wong<br>Pilot: Ho Lee Fuk<br>Mission Specialist: Bang Ding Ow', 'The Chinese tell us, &quot;They&#39;re ok.&quot; What they tell the ground crew, &quot;No worry... we got more!&quot;', 'Well, as most pilots would say, &quot;Any landing that you could walk out of, is always a good landing...&quot;üòÖ']",Science & Technology,"You are a copywriter, create a 100 word summary of what this Youtube Short is about. Provide a neutral description. The summary should describe the overall atmosphere and pace of the video. It should also highlight important events from the video. Do not include any statements about a viewers response to the content or the overall viewing experience. Output the raw summary text.
Title: b'Chinese Spacecraft Rolls Out Of Control During Dangerous Landing'
Channel: Scott Manley
Transcript: yesterday the three astronauts from China's sheno 16 Mission returned to Earth this is normally a rough process re-entering the atmosphere deploying a large parachute dumping the peroxide Fuel and then descending to a landing which is cushioned by a rocket motor this time there was some serious roll going on you can see the capsule is moving sideways relatively quickly and when the rocket motor fires the spacecraft bounces off the ground and then begins tumbling as the load is removed from the parachut I've seen speculation that the sideways speed was due to a damaged parachute but I can't say that for certain and it was clearly very windy this would have been a rough ride for the crew but it's not clear it would have injured them the capsule was obviously well protected and the crew are supposed to fold their arms to hold them from flailing around sheno is very similar to soyu and NASA found that onethird of NASA astronauts were suffering minor injuries during suu Landings I'm interested to know but I don't expect similar transparency from the Chinese space agency 
Comments: ['My spleen ruptured just watching that.', 'Imagine physically adapting to weightlessness for a while and then this bs happens! lol', 'If Ryanair did space travel.', 'Thats how i land in KSP', '&quot;Yesterday&#39;s landing was a glorious success.&quot;', 'When the announcement says to keep your seatbelts fastened until the craft has come to a full and complete stop, they aren&#39;t kidding!', 'it could have been worse. they didn&#39;t land on a mountainside and roll down towards a cliff like those guys in 1975', 'Astronauts names,<br>Mission Commander: Sum Ting Wong<br>Pilot: Ho Lee Fuk<br>Mission Specialist: Bang Ding Ow', 'The Chinese tell us, &quot;They&#39;re ok.&quot; What they tell the ground crew, &quot;No worry... we got more!&quot;', 'Well, as most pilots would say, &quot;Any landing that you could walk out of, is always a good landing...&quot;üòÖ']
Category: Science & Technology
","This YouTube short features footage of the Shenzhou 16 mission's return to Earth, showing the spacecraft rolling out of control during the dangerous landing process. Despite the rough landing, the capsule appears to be well-protected, and the crew is said to have suffered no major injuries. The video raises questions about the cause of the roll, possibly due to a damaged parachute, and highlights the challenges of space travel. The comments section shows concern for the astronauts' safety and includes jokes and references to other space missions. Overall, the atmosphere is informative and curious, with a focus on the technical aspects of space exploration. Important events include the deployment of the parachute, the firing of the rocket motor, and the subsequent tumbling of the spacecraft. The pace is moderate, with a steady stream of information and visuals."
nK-Hy0TxIik,b'FINDING TOM HOLLAND \xf0\x9f\x98\x82\xf0\x9f\x98\x82 #marvel #mcu #spiderman #spiderverse #tomholland',SYNCSHOW,so I know one of you is Tom Holland are you Tom Holland oops sorry no you're not Tom Holland are you Tom Holland you are not Tom Holland any of you can any of you do any um like flips and stuff like Spider-Man does all right there's the guy back there yes yes yes you step forward right here let's see what you can do and we'll see all right here we go should I yeah let's clear the path for this Spider-Man and we'll see if this Spiderman can indeed [Music] [Applause] it's time ,65.32,1.5003061849357011,"['I literally saw Tom‚Äôs hand go up when they were being asked ‚Äúwho is Tom Holland‚ÄùüòÖ', 'Tom got bored of waiting so he just gave up', 'The ‚ÄúI can I can‚Äù gave it all awayüòÇ', 'The way he ran to show his flip &quot;back back back&quot; is so cute üòÇ', 'His voice gave it away', 'That man is too wholesome for this world', 'I love how the two guys who got there masks pulled off did the best facesüòÇ', 'The first one jimmy kimmel uncovered wasn‚Äôt Tom Holland but was miles morales that traveled to this universe', 'he is the most adorable man bro üò≠ü§ö', '‚ÄúMay the real Tom Holland please do a flip‚Äù']",Entertainment,"You are a copywriter, create a 100 word summary of what this Youtube Short is about. Provide a neutral description. The summary should describe the overall atmosphere and pace of the video. It should also highlight important events from the video. Do not include any statements about a viewers response to the content or the overall viewing experience. Output the raw summary text.
Title: b'FINDING TOM HOLLAND \xf0\x9f\x98\x82\xf0\x9f\x98\x82 #marvel #mcu #spiderman #spiderverse #tomholland'
Channel: SYNCSHOW
Transcript: so I know one of you is Tom Holland are you Tom Holland oops sorry no you're not Tom Holland are you Tom Holland you are not Tom Holland any of you can any of you do any um like flips and stuff like Spider-Man does all right there's the guy back there yes yes yes you step forward right here let's see what you can do and we'll see all right here we go should I yeah let's clear the path for this Spider-Man and we'll see if this Spiderman can indeed [Music] [Applause] it's time 
Comments: ['I literally saw Tom‚Äôs hand go up when they were being asked ‚Äúwho is Tom Holland‚ÄùüòÖ', 'Tom got bored of waiting so he just gave up', 'The ‚ÄúI can I can‚Äù gave it all awayüòÇ', 'The way he ran to show his flip &quot;back back back&quot; is so cute üòÇ', 'His voice gave it away', 'That man is too wholesome for this world', 'I love how the two guys who got there masks pulled off did the best facesüòÇ', 'The first one jimmy kimmel uncovered wasn‚Äôt Tom Holland but was miles morales that traveled to this universe', 'he is the most adorable man bro üò≠ü§ö', '‚ÄúMay the real Tom Holland please do a flip‚Äù']
Category: Entertainment
","In this humorous YouTube short, host Jimmy Kimmel attempts to find actor Tom Holland among a group of people dressed as Spider-Man. The atmosphere is playful and lighthearted, with a lively pace and energetic music. The video begins with Jimmy asking the group if anyone is Tom Holland, leading to several individuals stepping forward and attempting to demonstrate their acrobatic skills. After some amusing moments, the real Tom Holland finally reveals himself by doing a flip. Throughout the clip, the audience cheers and laughs at the various performances. The video ends with Jimmy congratulating Tom on his successful flip and acknowledging his unique voice. Overall, the tone remains fun and entertaining throughout, capturing the joyous spirit of comic book fans celebrating Marvel's beloved character, Spider-Man."
yWJVX9MKrUM,b'Ultra Efficient Pit Stop',Humans Going Hard,this motorcycle pit crew is demonstrating how they execute a pit stop in record [Music] time and it's truly amazing to see how efficient they are as a [Music] team and this is what they look like in action during a real [Music] race [Music] [Music] he ,59.268,0.8098805426199636,"['Ultra Efficient Pit Stop | Via: @ marvinfritz7 &amp; @ yart.official on IG', 'The forklift from cars did it better', 'that guy wiping the windshield is the real mvp', 'My mechanic: ‚Äúyour bike will be ready in a month‚Äù', 'Can my job be the cleaning the motocycle window?', 'F1 pit stops watching this. ‚ÄúIt‚Äôs been 84 years‚Äù', 'Yet here I am spending 6+ hours changing a tire.', 'Seeing that guy cleaning windshield gives me hope of being on a pro team..', 'Man even the guy driving is part of the job, putting that fuel cap back on', 'My respect for the cleaning windshield guy üìà']",Sports,"You are a copywriter, create a 100 word summary of what this Youtube Short is about. Provide a neutral description. The summary should describe the overall atmosphere and pace of the video. It should also highlight important events from the video. Do not include any statements about a viewers response to the content or the overall viewing experience. Output the raw summary text.
Title: b'Ultra Efficient Pit Stop'
Channel: Humans Going Hard
Transcript: this motorcycle pit crew is demonstrating how they execute a pit stop in record [Music] time and it's truly amazing to see how efficient they are as a [Music] team and this is what they look like in action during a real [Music] race [Music] [Music] he 
Comments: ['Ultra Efficient Pit Stop | Via: @ marvinfritz7 &amp; @ yart.official on IG', 'The forklift from cars did it better', 'that guy wiping the windshield is the real mvp', 'My mechanic: ‚Äúyour bike will be ready in a month‚Äù', 'Can my job be the cleaning the motocycle window?', 'F1 pit stops watching this. ‚ÄúIt‚Äôs been 84 years‚Äù', 'Yet here I am spending 6+ hours changing a tire.', 'Seeing that guy cleaning windshield gives me hope of being on a pro team..', 'Man even the guy driving is part of the job, putting that fuel cap back on', 'My respect for the cleaning windshield guy üìà']
Category: Sports
","This YouTube short showcases a motorcycle pit crew executing a record-breaking pit stop during a race. The video features fast-paced cuts and an energizing soundtrack, emphasizing the efficiency and teamwork of the crew. The camera captures different angles of the pit stop, displaying the synchronized movements of the team members as they rapidly refuel, change tires, and clean the windshield. Important events include the quick exchange of tools, the precise movement of the fuel hose, and the meticulous cleaning of the windshield. Throughout the video, the atmosphere remains intense and focused, highlighting the professionalism and skill of the pit crew."
d2EPEgWPn8Y,b'A Real Authentic Italian',Adriano Valentini,how am I the only one who's offended I'm offended thank you I got no problem with Mexican food I just think they should eat their food and we should eat our food what are you talking about Mexican Cuisine was developed over thousands of years to suit the particular genetic makeup environment and lifestyle of the Mexican people I mean it's good for their bodies I don't know about that the Mexicans just take the tacos French to frog legs and the blacks to Chicken and Waffles chicken and waffles how you doing okay I do not share this man's views I just want to make that very clear why do you think so many people have gastrointestinal problems these days IBS that's people eating other people's food that's an interesting Theory interesting Theory you want interesting Theory here's an interesting Theory as an Italian I'm on a tomato-based Mediterranean diet that's authentic to the soil water and climate my people spawn from actually the tomato is indigenous to Central and South America particularly Mexico she's right prior to the discovery of the new world there were no tomatoes in Europe I read that somewhere for sure are you saying that I'm a Mexican like this [¬†__¬†] guy I'm actually Canadian I got to reevaluate my entire belief system ,121.36,1.8210283454185892,"['Guy made a point, lost an argument, admitted admitted to loosing an argument,and probably ordered tacos after that.', '‚ÄúChicken and waffles‚Äù <br>‚ÄúHow you doin‚Äù <br>Had me dying', 'As an Irishman I can confirm I feel great eating potatoes, dairy &amp; whiskey', 'Bro had a whole character arc in 30 seconds', 'Can we talk about him using his glasses as a sandwich shelf? He&#39;s a genius! ü§£', 'He‚Äôs so attached to the tomatoes he thought it‚Äôs more comforting to believe he‚Äôs Mexican üòÇüòÇ', '&gt;makes claim<br>&gt;Claim disputed<br>&gt;Claim proven false<br>&gt;Reevaluates thinking system<br><br>We need more people like him.', 'That was the most character development I&#39;ve seen in less than a minute.', 'At least bro admitted he was wrong and went on with his day.', 'Bro sounded so defeated yet was so willing to admit defeat. I love that so much.']",Howto & Style,"You are a copywriter, create a 100 word summary of what this Youtube Short is about. Provide a neutral description. The summary should describe the overall atmosphere and pace of the video. It should also highlight important events from the video. Do not include any statements about a viewers response to the content or the overall viewing experience. Output the raw summary text.
Title: b'A Real Authentic Italian'
Channel: Adriano Valentini
Transcript: how am I the only one who's offended I'm offended thank you I got no problem with Mexican food I just think they should eat their food and we should eat our food what are you talking about Mexican Cuisine was developed over thousands of years to suit the particular genetic makeup environment and lifestyle of the Mexican people I mean it's good for their bodies I don't know about that the Mexicans just take the tacos French to frog legs and the blacks to Chicken and Waffles chicken and waffles how you doing okay I do not share this man's views I just want to make that very clear why do you think so many people have gastrointestinal problems these days IBS that's people eating other people's food that's an interesting Theory interesting Theory you want interesting Theory here's an interesting Theory as an Italian I'm on a tomato-based Mediterranean diet that's authentic to the soil water and climate my people spawn from actually the tomato is indigenous to Central and South America particularly Mexico she's right prior to the discovery of the new world there were no tomatoes in Europe I read that somewhere for sure are you saying that I'm a Mexican like this [¬†__¬†] guy I'm actually Canadian I got to reevaluate my entire belief system 
Comments: ['Guy made a point, lost an argument, admitted admitted to loosing an argument,and probably ordered tacos after that.', '‚ÄúChicken and waffles‚Äù <br>‚ÄúHow you doin‚Äù <br>Had me dying', 'As an Irishman I can confirm I feel great eating potatoes, dairy &amp; whiskey', 'Bro had a whole character arc in 30 seconds', 'Can we talk about him using his glasses as a sandwich shelf? He&#39;s a genius! ü§£', 'He‚Äôs so attached to the tomatoes he thought it‚Äôs more comforting to believe he‚Äôs Mexican üòÇüòÇ', '&gt;makes claim<br>&gt;Claim disputed<br>&gt;Claim proven false<br>&gt;Reevaluates thinking system<br><br>We need more people like him.', 'That was the most character development I&#39;ve seen in less than a minute.', 'At least bro admitted he was wrong and went on with his day.', 'Bro sounded so defeated yet was so willing to admit defeat. I love that so much.']
Category: Howto & Style
","Title: A Real Authentic Italian

This YouTube short features a man named Adriano Valentini discussing the concept of eating foods that are authentic to one's cultural heritage. He starts by expressing his opinion that people should stick to their own cuisine, but then admits that he himself is not fully Italian, as tomatoes, a staple of Italian cooking, are originally from Central and South America. He humorously struggles with this revelation, questioning his identity and eventually concluding that he needs to reevaluate his belief system. Throughout the video, the atmosphere is lighthearted and playful, with the speaker's facial expressions and tone adding to the comedic effect. Important events include the initial statement of the opinion, the introduction of the fact about tomatoes, and the subsequent self-reflection and admission of error. Overall, the video showcases a humorous and relatable exploration of cultural identity and the importance of being open to learning and growth."
